text,sentiment,hate_speech
"на работе был полный пиддес :| и так каждое закрытие месяца, я же свихнусь так D:",-1,0
"Коллеги сидят рубятся в Urban terror, а я из-за долбанной винды не могу :(",-1,1
@elina_4post как говорят обещаного три года ждут...((,-1,0
"Желаю хорошего полёта и удачной посадки,я буду очень сильно скучать( http://t.co/jCLNzVNv3S",-1,0
"Обновил за каким-то лешим surf, теперь не работает простоплеер :(",-1,0
"Котёнка вчера носик разбила, плакала и расстраивалась :(",-1,0
"@juliamayko @O_nika55 @and_Possum Зашли, а то он опять затихарился, я прямо физически страдаю, когда он долго молчит!(((",-1,0
а вообще я не болею -  я не выздоравливаю :(,-1,0
я микрофраза :( учимся срать кирпичами в режиме &amp;quot;нон-стоп&amp;quot; @niwoqisipapy,-1,1
"я хочу с тобой помириться , но сука я гордая и никогда этого не сделаю! (((",-1,2
@DNO_OKEANA_A3A3 @MOE_MOPE_A3A3 тебя ебет какие у меня фотки.я про твои молчу.и вообще ты хоть знаешь как ТП то выглядят...,-1,3
Блин начали сниться сны( Не когда почти не снились ! А теперь можно сказать каждый день такое ! Мне это не нравиться ((((((((((,-1,0
"@realVold На твоем месте, я бы сначала телек купил бы(",-1,0
@faraonbgr111 плохо боишься значит(( ты где? В мск бгр?,-1,0
А я хотела... электромобиль =( http://t.co/vgs9JeUPHz,-1,0
Скоро увижу твои зеленые глаза в последний раз(((,-1,0
"Вот это да, докатился,по-оранжевел патриот! Чо деется? :(( RT @SapelSV: #Бабки объединят #КПРФ и Навального? http://t.co/kyJk4A79kv",-1,2
Ну уже 12:25 ночииии:(((( а я ничего не сделалаллалалалалалалвцмдэмппдпктцдкиицкп,-1,0
"@190299der я очень рада,но ты им разобьешь сердца:( Мне их  жалко епт мне оч жалко Влада А всех остальных нет ",-1,1
"Сегодня какой-то нехороший день у меня :-( Телефон наушники не опознает, у блога как-то умудрился шаблон сломать, да еще",-1,0
"думаю,на моем веку почта россии не поднимется со дна (((",-1,0
Мне одному   напоминает дом-2? Путин делает реалити-шоу? O_o,-1,0
ебааааа сейчас модуль будет по региональной экономике ((,-1,1
@kordalona_mars оооууу ты меня анфолловил чувак((,-1,0
вот так я встречаю зиму:(( http://t.co/FjivXAGcR9,-1,0
"@Kyo_oppa ну вот, туда медведь прикреплялся.",-1,0
чорт... хотела сходить в кино...  придется любоваться фильмом в уг качестве на компе(,-1,0
RT @arinaaaaonskul: Так плохо я себя не чувствовала давно :( ,-1,0
"Как понизить температуру ноута? Снаружи +30, так что он постоянно раскалённый :(",-1,0
@Anastasia_pain думаешь упаду со стула? :(,-1,0
"@Deniska_perm да нет, но условия будут более спартанские :(",-1,0
"Хотела маме сделать сюрприз, как всегда все навернулось(",-1,0
я блин сутками его жду а он с друзьями общаться! с которыми ежедневно видится! :(,-1,0
@Annya_Nik @YankaMurygina Так и думал:(  Не судьба походу попасть к мастерам,-1,0
RT @davidmsk: У берегов Коста-Рики водятся 1600 видов рыб. А на берег выходят черепахи весом до 500 кг. Но я не видел :( http://t.co/9ixMBH…,-1,0
"""@lisi_Ca: @maybe_reg49_27 @One_ENCLAVE @LyudaLa самая смешная из лисичек - тибетская. Это не фотошоп http://t.co/kDDYZartwl"" о_О",-1,0
Потеряла креапления от борда. Как так! Я же их не снимала(,-1,0
RT @Ksenyamalischev: Устала от семинара;(,-1,0
"Опять простыла....!!!;(Все гуляют,катают,тусуют,а я!;(((Что за невезение!!!",-1,0
"@1libertad первые деньги пойдут на красные мокасины, потом на ремень гермес, потом на приору, а потом уже можно умереть :-/",-1,0
@volkova_v Мясорубка пожирает деньги налогоплательщиков... (((,-1,0
"@_rakka_ @brovo4ka а я не переношу соционику. это самый адовый бред, что я видел. и все как один помешались((",-1,1
"Пора делать уроки, учить Лермонтова ;( http://t.co/CShrNmfFCL",-1,0
"@Romashka_Vera блин, он наверно уже не действителен уже( сама хочу там заказ сделать, а скидки нет(",-1,0
"Я так хотела побыстрее попробывать сырный суп,что обожгла весь язык,и вообще ни чего не чувствую(",-1,0
Внезапно настало лето? Дома из обоих кранов течёт холодная вода. :-/,-1,0
@natahin_ кто из СМИ первее - на того и ссылка в поисковике :(,-1,0
"@the_anechnaya @babooshkina блин, а мне халвы захотелось(",-1,0
@only_069 ДА  ВОСПАЛЕНИЕ ЛЕГКИХ Я ПОЧТИ 2 НЕДЕЛИ В БОЛЬНИЦЕ ЛЕЖАЛА ( И В ТВИ ТОЖ НИ ЗАХОДИЛА,-1,0
"Каждое его смс,как доза. Что вообще со мной происходить?; (",-1,0
ну ужели выхадныеееееееееееееееееееее правда пролетят будто их и не было вообще (((((((((((((((,-1,0
Задолбали дико резкие перепады настроения &gt;:(,-1,1
RT @NastyaBulaeva: Угадайте чья школа учится сегодня? Причем единственная в области:(,-1,0
"Сегодня первый рабочий день. Я настроена и готова ? Конечно готова, в одеяле - хоть куда. Заболела :(",-1,0
"@siavol так и медстраховки ещё хорошей нет?! Как они там жили! Наверное, паспорта отобрали, взамен что-то дали и заставили трудиться :(",-1,0
У на в шк создали группу в ВК и там все новости школы. Ито какойто злоебучий аноним. Не дает жизни ибо выдает все тайны o_O,-1,3
с   убрали поиск персонажей что ли? паника-паника!!! а ведь как удобно было :(,-1,0
"все в скайп идут, а я стесняюсь блянуок(((",-1,0
"Выпилил powerpill и perl-xyne-arch из своего Арча, разработчик отказался от их поддержки, а жаль( #archlinux",-1,0
@cheknastushka да. она офигенная. вот я по ней буду очень скучать(,-1,0
идиотский твиттер!! как же ты глючишь.. ;(,-1,2
RT @procrastelina: RT если ниже ростом даже чем губин((((,-1,0
"@kakos1904 Бедный мой, ты же в школе. Твоя физика закончится раньше чем я до тебя доеду :( Я б забрал",-1,0
"Спасибо тем кто меня в данный момент поддерживает с моей проблемой,спасибо правда,спасибо тебе ни кто(",-1,0
"а если макарошки отварить и запечь с луком,морковкой,майонезом,чесноком и всякими приправками,будет ОМНОМНОМ! *О* сыра нет,жаль(",-1,0
"завтра по химии диктант, нужно хорошо подготовиться(",-1,0
"Сейчас бы в кроватку, спать ( а ещё дофигища дел не сделано -_-",-1,0
@No_Name_Okay_ мне обязательно!( в 19:30 начинается.. Может пойдём сейчас и потом ты меня проводишь?,-1,0
"мария ра самые убогие магазины, в который раз убеждаюсь. Еще 2 часа работы(",-1,2
"Зря торопился, все равно прийдется в выходные работать :(",-1,0
RT @v_rodionov1015: @RadiopAshA @sangdrag а сколько баранов вслед за ним несётся! ((((,-1,2
"Пойду делать дела,а то времени все меньше и меньше((",-1,0
Какой будет эта зима? — разочаровательной( http://t.co/CYXetATzIB,-1,0
Конечно сегодняшняя математика вынесла мне мозг=(,-1,0
Интересно как сдавать математический анализ как препод такая тварина?=(,-1,0
RT @levolume: амазон( http://t.co/yEC1tZCUVG,-1,0
Черт... Как же стремно на олимпиаде сидеть((,-1,0
"@bahhtee Ну как, вам понравилось в Ташкенте? Жаль что я узнала об этом после вашего ухода :(",-1,0
"@juliamayko У кота, между прочим, может случится и сердечный приступ, если ситуация его пугает и он не знает, что с ним будет!(((((",-1,0
RT @alexblablablaaa: Какой декабрь без снежкаа?;(,-1,0
"RT @huqikycibeno: Гг, давно я не видел выньду 98... комп уныл ...И сюда ставлю хрюшу... Уже 2ой час пошел :(",-1,0
"Каждый раз,когда Ларри общаются по скайпу:  Г:Я хочу,чтобы ты был тут со мной Л:Я тоже :( Скучаю по тебе http://t.co/fWjKiYrMkW",-1,0
"ну вот.все началось сначала.умом понимаю что всё уже,поздно..но не могу и всё =((",-1,0
RT @o_odium: разговоры с Кириллом - просто нечто ахах,-1,0
"Мой маленький Никита я буду всегда тебя любить помним Любим,скорбим;(",-1,0
"Блин, мой живот не дает мне покоя весь день :(",-1,0
@Ludwig_LOL желочь из живота будут выливать(,-1,0
Иду сегодня на задание от практики. Я так переживаю... :(,-1,0
Только я могу упасть со стола пока перевешиваю 10-ый раз гирлянды.Больно=(,-1,0
"RT @TOMOCYTPA: @Do_or_die_azaz я убью её когда-нибудь, наверно Я убью её, люблю её, убью её...",-1,3
Болею( прошу сходить за лекарствами  ни кто не идет (,-1,0
"@AnnastaishaCh я решила, шо ты забыла меня поздравить :(((",-1,0
Пришла такая кудрявая .. а его не было( http://t.co/uCPlmdPQT0,-1,0
"@farida_farifari мля, спасибо, теперь я ни знаю чиво делать ска :(",-1,0
Не люблю пятницу-субботу...в эти дни мы не вмести...я скучаю любимый(,-1,0
@AseevaElena бедолага! Пусть выздоравливает... Их так жалко когда они болеют:-((,-1,0
"Мне уже плохо от ТГП. А вопросы все не прекращаются, хотя места в голове уже нет(",-1,0
"еще днем почувствовала дикое одиночество,а когда Паша уехал вообще как будто одна на планете осталась(",-1,0
"RT @radughniy_kot: Вечеринка, привет о/ хотя тебе насрать((((9((999(",-1,2
“@lizunsosun: Поговоришь с Сашей и сразу хочется трахаться.” - представляете как мне сложно с самим с собой жить??? А толку?:(,-1,0
"блин если правильно ей играть,много барэ,а его я не люблю(",-1,0
"RT @malinaaa_a: @hl483 ;( просто одно объяснение, мы живем в России",-1,1
"Здавать,доздавать,перездавать....хуууф це вже так надоїло,вже не має й сил((",-1,0
"Что творится с миром? Новости сплошь о педофилах, печально и возмутительно ((",-1,0
"проверяли сеня больнички, ничего хорошего. Чувствую все закроют(",-1,0
"@VictoriaSvon ветер сильный, так еще и снег сегодня, из дома не выйти :(",-1,0
":| они тут решают, смеются... Я тоже хочу :|",-1,0
"Нет ничего печальнее,  когда закончилась книга :(",-1,0
"@mrkam1kadze меня одолевает лень,но фак надо(",-1,0
@AppleInsider_ru и опять нет приложения для андрода?(,-1,0
"Меня никто не любит,потому что я очкарик:(",-1,0
"RT @Ksenia_Splash: оооочень устала, уроки тянулись вечность! ещё на гитару(((",-1,0
Сегодня был очень слодный день(( Все в коледже ревели((( Ох уж эти парни,-1,0
"на улице снег, радость, магия. В школе посвящение в химики, кхм....да простят меня святые печенюшки детский девиз. А я блин умираю дома(((((",-1,0
"Я попал в золотую лигу 4х4 O_O При том, что 1х1 я в бронзовой. Меня же союзники убьют. Узнают по айпишнику, где я живу, п",-1,2
@genechk нет!!! Мысль об этом и желание убить себя по этому поводу меня не покидают(((,-1,0
"@wild_tourist @drewitski Я вот почти никогда на бумаге и не пишу, можно сказать, забыла, как это делается... Ну, вот так вот(((",-1,0
"Вот взяли с утра и наехали ни за что :( Сижу себе жуйк читаю. Звонок в отдел. Поднимаю трубку, разговариваю, ложу трубку.",-1,0
@Creatticas вот он. Эх(( http://t.co/glr9mG0cjZ,-1,0
Купила меллер внезапно. Ебааать!.. О мои зубы! ((,-1,0
"Блин, блин, блин Надеюсь успею к спринту:|",-1,0
@A_Kyznetsova я косячу и не переживаю по этому поводу((,-1,0
"Мы пишем статус на обозрение тысячам, / и зачастую всего лишь для одного / человека, который его так и не заметит...:(",-1,0
"RT @basilla_the1st: @ProXolod @ponny1 статья так называется, ну а по смыслу статьи - скурвилась маня :(",-1,0
"Испортилось настроение:(    Мне иногда кажется,что ты хочешь сделать меня жирной коровой!.  Хотя я знаю,что ты только самое лучшее для меня.",-1,2
Подарите мне тыщ 5… мне на PS3 не хватает :( =ъ,-1,0
"Ужастное чувство,когда скучаешь по человеку,а увидеть или хотябы списаться сним нет возможности(",-1,0
Еще 4 с половиной часа работы.. А я уже так устала ;(,-1,0
RT @lu_in_the_sky: Острова 2014 скорее всего не будет((((( вот это печаль так печаль...,-1,0
RT @imoxuzedyp: забодался на работе.Даже Хауса смотреть не хочется:(,-1,0
@Ikhbayr хурдал л даа. 30 Мин хүлээлээшдээ :-((,-1,0
"блин оказывается фильм ""белый плен"" снимался пол уокер , не знала (",-1,0
RT @aleninini: хочу попроситься в овал орбиты(,-1,0
RT @fypeqywupaz: Вот и до меня добралась цивилизация — горячей воды нету(,-1,0
Первоначальный замысел перестановки в комнате не увенчался успехом из за совершенно левых факторов :С Пришлось все делать криво Х(,-1,0
Учитель по матану понизил мою самооценку:(,-1,0
"RT @AndrejVituskin1: #євромайдан Вы идиоты...хохлы,Европа всегда считала вас,неполноценными #чернаяпятница :-! http://t.co/ez74MQChJR",-1,3
"Мало того что я потеряла из-за него сережки, он их так и не нашел!!!!:((",-1,1
"RT @dojavuwovoxy: Блин, только что два джуйка косячных было! и не в одном не успела похихикать! :(",-1,0
@Nastya_Lubenets ахахах.блин не хочу делать призентацию(,-1,0
"@ZaynFollowMeU ну да! Мне нравится один парень из параллели. Я знаю что я ему нравлюсь, но он видимо стесняется ((((",-1,0
@Khinshtein  http://t.co/s96hmlKHQf как Вы считаете это нормальное поведение полиции?никогда не будет в стране нормально пока такие полицаи(,-1,1
"@alb_andreeva он у нас офигенный просто. но прикол в том,что в  прошлом году взял и женился,падла :(",-1,1
Так вот пришел третий сосед и дал нам пиздюлей :(,-1,1
"@MarinaMashirova ты забыла гематоген, а я забыл сделать чекин :((((",-1,0
"@mongrelcat13 температура это плохо, теперь по ходу на трен не скоро:((",-1,0
"ВОТ И СМОТРИ ПОСЛЕ ЭТОГО СЕРИАЛ, КОГДА ДРУЖИШЬ С ЖАЙКОЙ! ТУПАЯ :(",-1,1
очень не хватает вас((слезы наворачиваются когда вспоминаеш как нам было весело((,-1,0
"@dguryanov бред, притянутый за уши на потребу пиплу :(",-1,2
"RT @oksakov: Приехала домой, мне вообще плохо( Устала.",-1,0
"@Besserdechnaya блять, я уже это не помню(",-1,0
"RT @pyhapulymuxo: Ща на сайте при регистрации ввожу возраст. Чисто случайно выбираю 19. И только потом понимаю, что мне реально 19( Как быс",-1,0
"@curlyslipper Ханна Монтана ;(( да они расстались походу( она ж как шлюха себя ведет(( я б такую сразу кинула, чтоб не позорила(",-1,3
ну почему Дио не досталось высоких нот в мираклес ин десембер:( http://t.co/6VURLjzK7w,-1,0
"Я уже заебался на уроках сидеть, а еще на 2 пары идти :(",-1,0
Хочу уже домой( разговариваю с мамой и блииин ,-1,0
RT @gafubatyxyza: что-то собака моя хромает (,-1,0
Я в шоке от той модели что снялась в новом видео Лазарева!(,-1,2
"""Где бы ни работать, лишь бы не работать"" :(//  http://t.co/UIez6APho0",-1,0
Как бы завтра 5 уроков!!! Ужааас!! В субботу к 8 и еще 5 уроков:((,-1,0
@Shakalad73 опоздал на минуту((  но есть след вопрос о том сколько лет Елки Палки работают в Версале?,-1,0
"@ya_zoi Сегодня тоже столкнулся с этим, перекрыли почти весь красный проспект. А ещё всё это шоу такое наигранное(",-1,0
"Закар тусуется в Армении,а я здесь умираю от скуки(",-1,0
"И вот именно сейчас я осознала, как хочу увидеть Melotron. Не судьба, значит %(",-1,0
"RT @hitafijahul: Когда я научусь говорить ""нет"", я буду собой гордиться. Ненавижу, когда мне врут,а я еще и помогаю им.(",-1,0
"Безысходность - когда умер твой любимый...айфон, со всей памятью и фото(",-1,0
"Мне нравится свитер, но он стоит не прилично(( не надо так!",-1,0
"В ОТНОШЕНИИ  ХОДОРКОВСКОГО РАССЛЕДУЕТСЯ  НЕСКОЛЬКО УГОЛОВНЫХ  ДЕЛ,ТАК ОН ВРЯД ЛИ ПОДПАДЕТ ПОД АМНИСТИЮ - ГЕНПРОКУРАТУРА.Кто бы сомневался :(",-1,2
@anitakruspe печально что заряд одинаково фигово держится(,-1,0
RT @etynyhoxev: Довелось купить мне мак с лаионом :( Терь не могу снов поставить а на лаионе не работает то что мне нужно для работы.,-1,0
Надоело болеть :( И все планы порушились http://t.co/X6QNJC1Vk5,-1,0
@bear_Kurt хорошо потому что отменили 1 и последние уроки а плохо потому что мы кажись делене проиграли((,-1,0
В горизонте нигде нет чая с малиной!! Обидно :(,-1,0
"Кеша, отстань( #mtvstars 30 Seconds to Mars",-1,1
"с вадимом поеду сейчас в институт габричевского, на биологический факультет(  школа прасти",-1,0
"RT @xyvucyfybole: Зашел в RTM, а там таски за последний месяц пропали ((",-1,0
Много кто онлайн и не пишут Как так можно?(,-1,0
@Regina_Belvita  Неужели она закончит карьеру ((,-1,0
Похоже на красную звезду. :_( #InstantFollowback,-1,0
Из за погоды планы меняются походу еду с родителями (  пздц,-1,0
"Как ретвитить меня, так ок,а как оказалось что препод знает что такое твиттер,так все сразу заднюю дали и любят эконометрику (",-1,1
"@SavichDiana Мда, веселье через край у вас;(  Ну не то чтобы не умею просто не люблю я-_-",-1,0
"Обычно я шучу на темы, на которые шутить не положено(",-1,0
"@rachel___rachel вот так вот( надеюсь, меня не зарежут там , а то вдруг",-1,0
"@Zebulka Нет у нас снега.  Если уж пошло по капле уходить настроение, то  все!((((((((((((((((((((((((((((((((((((((((((",-1,0
Хоть я года три назад и писал микростатью на хабр про перевод программ с помощью gettext-а (,-1,0
Эвридэй стори. Все-таки сенсорные гаджеты зло:( http://t.co/aGI96mw8co,-1,0
"Не думала, что корица - дефицитный продукт :( Придется украшать свечи кофейными зернами...",-1,0
День просто супер:( http://t.co/crlqAuLBY6,-1,0
RT @nadytutuqiw: Так и не нашел свой sega. А так хотелось во что нить поиграть :-(,-1,0
@MAXIMOV69 @Never525 Вот так и живем 20 лет с основным законом страны:-(,-1,0
Меня хоть кто то любит?((((((((((((((((((,-1,0
RT @ollivercom: @DariaClever спиздил мои слова :-(,-1,1
"Завтра для меня сложный день, я так боюсь олимпиаду :(",-1,0
"я как и обычно не подумала о последствиях,меня это губит(",-1,0
@maxseddon дошел с ними до арсенальной. отвалил. правлсавие мозга(,-1,2
Бабулю жалко:( Как и говорили получается(,-1,0
"Тимоша заболел((позвонил врачу, а его нет(((",-1,0
"Скоро день рождение,а настроение вовсе не праздничное(",-1,0
RT @pajefitygaw: Халявность платного софта явно сдерживает рост опенсурса и добавляет нехилую головную боль админам :(,-1,0
"Сегодня была сьемки мега-фильма. Мы были массовкой для Александра. Актеры, у которых еще нет Оскара :(",-1,0
"Папа: -хорошо тебе, завтра в школу идти, а вот мне спать до обеда  Спасибо :(",-1,0
"Вот черт. Автобус долго ждала, пробки везде, а Ками меня ждет(((",-1,0
RT @rowugonamilege: Скоро любимый уйдёт в армию(((Буду его ждать!!!Слышишь любимый!!!Я буду тебя ждать!!!Чего б,-1,0
"Блин,горлышко болит(((заболела(((((капец,больная(((((",-1,0
Я все пропустила только потому что выпила немного кофе!  За что это все? ((,-1,0
"А потом так грустно А ТЫ НЕ ЗВОНИШЬ ДАЖЕ КОГДА ВЫПЬЕШЬ :,(",-1,0
Отпускает по-тихонечку. Надо срочно ехать домой чутка поспать 5 часов сна на 60 часов времени как-то мало*( http://t.co/lvVec7mHNI,-1,0
"RT @galusaa: Оо.оказывается этот Уокер снимался в Белом плене.фильм,где я рыдала захлебываясь из-за собак:( хороший очень.",-1,0
"@Uli_Ameli у меня складывается мнение, что там уже весь Могилев перебывал. Кроме меня(((",-1,0
"клиентами, значик они вообще им не надобны((((",-1,0
Mistletoe UK!!! X Factor this week. Mistletoe Я правильно зрозуміла???Бобер приїде в україну о_О,-1,0
"@arx_katya да щас не смогу,уроки по-бырику,потом в центр :(",-1,0
"сколько можно меня мучить,вновь и вновь возвращая меня к тому от чего я пытаюсь уйти:(",-1,0
"RT @muhuryjodo: ребёнок, который уснул с яблоком в руке, визуально не особо отличается от ребёнка, который подавился яблоком и умер (",-1,0
"хватило ж ума на удаленном компе запустить торрент-качалку. все, до него не достучаться :(",-1,0
"Через 14 дней сессия начинается, а мне бы н/б хотя бы закрыть :`(",-1,0
Впервые в жизни надела шпильки 25 см...о боже...как же я хочу надеть их...но рост не позволяет:(,-1,0
"@_P_M_M_L_ мне не лень, просто я одна буду всё решать(( Типо я самая умная..(",-1,0
собираем в коробки вещи(( они завтра переезжают((,-1,0
"@duckthemall называю Дженнифер Дже, а на письме даже Дж(",-1,0
"@teplusha_  добротаа это как раздача конфет с пожеланиями, в итоге тебя кто - нибудь пошлет и проклянет(",-1,0
@stripedfairy *ООООО* я тоже хочу быть блондинкой тт и розовые волосы хочу тт но чет прям боюсь сжечь их(( хотя люди красятся и ничего,-1,0
"@Lina_Zvukach у кого зачетная неделя заканчивается, пока он в Сочи, тот я:(",-1,0
эта лекция по робототехнике просто убийственно нудная ;((((((((((((((((((((,-1,0
"когда ночую у тети,всегда хочется прихлопнуть ее кота.Как же он орет по ночам и не дает поспать!!!(((",-1,0
"RT @farry_tai: Когда-нибудь я похудею,но это уже совсем другая история(",-1,0
Как делать историю. Ведь даже в интернете такого нет :(,-1,0
— как мне это развидеть.. ;( скофилд в гробу перевернется...,-1,0
пооч я не программист????пж сделайте кто нибудь мне ноут(((((((((,-1,0
"RT @tasagufuxuw: Скажите, что Arakawa Under the Bridge — это не бред! Я его боюсь смотреть. =(",-1,0
@Marilinka да ужасно всё(у нас теперь всё по баллам. все зачеты и промежуточные аттестации влияют на стипендию((,-1,0
У меня сегодня в школе отжали часы и не отдаю!!! Я по ним очень сучаю((( верните их мне,-1,0
что-то я забросила свой тамблер( надо засрать ленту:3,-1,0
RT @Nkllapa: Мдааа большинство просто забыли или не знали :(((,-1,0
"@alenasheyanova Не помню, чтобы я в прошлый раз болела :(",-1,0
мой твиттер тупит :(   #mtvstars Justin Bieber,-1,0
"RT @16believe19: @HORAN_NlALL @graciemitchie блин, а я только обрадовалась что он не умер :((",-1,0
"Никогда не любила всякие реалити, но Американский жених просто нечто, сегодня последняя серия(",-1,0
"@vete_al_diablo полное наебалово, в ""Связном"" нельзя ойфон или PS4 купить со скидкой=(",-1,2
Хотел посмотреть на symfony..теперь сижу и думаю какой профит у symfony перед yii и захрена мне ее учить о_О,-1,0
Как таких красоток могли не пустить?:-( http://t.co/tVTxtXAPQM,-1,0
"почему так всё не справедливо?!(( у Вовки днюха, а я поехать не могу(((",-1,0
"RT @byBo_OM: Америка стала такой возбужденной и нервной, что уже многие годы я не видел прихожанина, который спит в церкви.",-1,0
"Остановилась на трех вариантах для него,но что выбрать понятия не имею, и что ему нравится тоже не знаю:( http://t.co/JJRpiFIpBS",-1,0
Дорсай и Эльфа тоже не будет((( я по ним так скучаю,-1,0
"Опять нет работы, что я делаю не так...:(",-1,0
"@5kg_intellekta Оль, говорят абонент хаблокирован((",-1,0
"жаль, что не написал записки для #helloday заранее, вышло бы куда лучше. Да ещё и не успел ни на одну ответить :( #lyceumbsu",-1,0
Какой будет эта зима? — скучной..( http://t.co/gtMiKLgcEZ,-1,0
Карима Нигматулина выступает на #MUF2013. Выглядит уставшей =( http://t.co/I4D15SqQFj,-1,0
"Тошнит, голова болит,  состояние дрянь,  работы дофига......зашибись пятница!!!! (((",-1,2
@umnitsa_julia ещё и ребёнка вперёд посадила...Полный пипец!(,-1,2
@yufins совсем тви забросил.Не пишет ничего:(,-1,0
Очень было стыдно перед классным руководителем!(,-1,0
RT @1eksandr: Из меня блогер еще никакой(,-1,0
"-Ир ,сегодня работы не будет ,можно поспать и в почте только 3 заявки. Так всегда прошел час -Дамир,ты накаркал  -ага(((  конец ахахах",-1,0
"Сквозь пыль веков, нашла блокнотик с 8 класса, а в нем записка  ""Give unto me your troubles"". Заплакала( #np Evanescence – Give Unto Me",-1,0
пропустила биатлон!!(( бляяя..как могла забыть?,-1,0
http://t.co/FaTsB05p71 но эта сука даже не пришла на его похороны:((,-1,3
А еще я всё это фоткала на свой планшик и теперь пребываю в крайней печали тк лишаюсь возможности выложить такие произведения искусства(,-1,0
"Ну вот,теперь и идти завтра никуда не хочется,желание пропало..((",-1,0
За пять лет студенчества я успел возненавидеть колбасу и пельмени. говно (,-1,0
Как же хочется спать!!!4 дня как не знаю кто(((,-1,0
некоторые не смогут приехать((народу не много будет,-1,0
@Helenav_97 а вдруг  со мной что-нибудь случится ?:(,-1,0
Очень-очень скуШно((( Чем заняться?????????????,-1,0
@lion_banka а у меня из эппл даже компота нет((,-1,0
я так давно ждала этого дня! А ты не пришла(,-1,0
"она вас не хотела обидеть, родные мои :""(",-1,0
RT @weweramu: в кошельке вместо денег одни чеки!(((и спрашивается куда деньги делись???,-1,1
@niechunaieval да ей помоему хуже нас будет(,-1,0
"Все сегодняшние планы нарушились,зато хоть зарплату забрал,хотя и там не обошлось без говна и плохо,что ее всю придется отдать(((",-1,0
"я так хочу плакать. ужасно хочу плакать. ненавижу такой немецкий, который будет завтра. и я устала.  я все сказала(((",-1,0
"@Adele_Tok аххахахаха я я пророка на 3 рассказал((( вот это обидно а его легко выучить представт, что это твой бывший который тебя бросил",-1,0
Ээмм..какое то странное чувство... Прости:(,-1,0
"@NinjaWars_Ru Извините конечно, но как же так? Технические работы во время ивента? ведь многие еще не сделали задания на сегодня... :(((((",-1,0
Было так классно в художку ходить после школы(,-1,0
"Сижу одна в ростиксе, накапливаю жирок к зиме :( щас опять на занятия....дурацкое чеочение и папка",-1,0
не люблю я этот фотосет( http://t.co/AVyHto3jB8,-1,0
"Мои мысли как наушники. Или не как наушники. Или как наушники. Ну вот, опять запутались :(",-1,0
Я смотрю сериал Виолетта и я узнала от своей подруги что вторая часть будет толька после нового года!!!(((((( http://t.co/30ZLxlUjEb,-1,0
"@gypsy_erin да и деньги, не все могут пожертвовать реальные деньги( те 100-500 грн это пшик, а больше тяжко.",-1,0
"так хочется,чтобы всех все устраивало,чтобы люди не были такими злыми к близким и близким друзьям...:((( ",-1,0
а почему бывшая? — (( http://t.co/0zJFVEZHj2,-1,0
"Какой-то непонятный депресняк и щемящее чувство одиночества... Блин, что со мной такое?! :(",-1,0
"Письмо пришло ""Предлагаем вам воспользоваться услугой нашего салона ""секс-куклы на прокат"" O_o",-1,0
Что сегодня за день инфарктных смс?от каждой вздрагиваю(((,-1,0
Когда выходили из школы я просто мега эпично упал!! Порвал лямку на портфеле(( Ребята ржали надо мной всю дорогу хD,-1,0
"@NITRAT55 у меня вообще сегодня дур дом был, думала вечеровать придется и завтра такое же ждет ((((((",-1,0
"Есть жуткое желание свернуть горы на достижение своих целей, и никакого желания заставить себя шевелиться :(",-1,0
сегодня не смогу пойти на зимний балл-вот что значит победитель по жизни! =(,-1,0
"мы тебя любим,возвращайся скорее( http://t.co/4KlPYAVufA",-1,0
"Такие мелкие и страшные, а уже замуж хотят(",-1,3
@Honest_or_death зачем ты рассказываешь про такую жуть? :(,-1,0
"RT @Luna_Lynch: @_Moe_more_ ушиблась(  Но ничего. А на телефоне только маленькие царапинки ЧТО ООООЧЕНЬ СТРАННО, Т.К. ОН УПАЛ ЭКРАНОМ ВНИЗ …",-1,0
Ебливый интернет замер и я дальше не могу посмотреть видео(,-1,2
"@ksuuuu6 @NikaSan4 все помнят, как мы играли в пряятки  :((",-1,0
ну хоть убейте..опять не могу голосовать(((,-1,0
"Я электрофил, который не может найти свой электрон:(",-1,0
@p_xo_xo как так? приезжала и не увиделись(((( я скучаю по тебе малышка!,-1,0
"Хочу спать,какой репетитор??! Меня вырубает на ходу,я не хочу никуда,даже вечером,только сон..(",-1,0
"Свалила с уроков, конечно радует но идти в музыкалку, и выступать перед какими-то чуваками вообще не в кайф сегодня:(",-1,0
RT @garik_tyt: @p_xo_xo как так? приезжала и не увиделись(((( я скучаю по тебе малышка!,-1,0
"@Anastasiya_kat да, но все равно, сейчас метель, а потом будет много снега(",-1,0
"сложно забыть человека, который подарил надежду...(",-1,0
@revoluttion_ у меня тоже уже не открывается( #mtvstart 30 Seconds To Mars,-1,0
"Глупею на глазах :( Внутренние фильтры, ограничивающие глупость, отказывают.",-1,0
"То чувство,когда понимаешь,что этот Новый Год будет самым скучным...((((",-1,0
зачем обманывать ( когда можно сказать правду,-1,0
"@alex_silvana @ViktorWhoWaited это ужасно, что у нас так мозги промыты :((( если бы я не боялась операций, я бы уже точно сделала пластику",-1,1
"@rotatoe_huilo уахахахаха, спасибо, но это только на фотографиях, и только на фотографиях, сделанных мною. да, девушки у нас не очень :(",-1,0
Физикааааааааа за что ты так со мной поступаешь;(,-1,0
"Позвонил Оливер из армии. Я так к нему и не приехал ни разу  чорд, чувствую себя виноватым (",-1,0
"То чуство, когда ты не умеешь общаться с противоположным полом :(  я лох т_т",-1,0
Решила попробовать накраситься по другому. Я не я тут о_О http://t.co/mmuRJknP9K,-1,0
"RT @ACzedrik: @Enough_for_me А ты, ты... Даже искать меня не хочешь:(",-1,0
@to_over_kill я тебя понимаю... Я тоже отличник...,-1,0
разговор с Дарьяшей* разочаровал нас((( #webcamtoy http://t.co/aEZCvN6mqI,-1,0
@Do_Or_Die_xxx лал мне уже интересно что это за сюрприз с:,-1,0
"Бля, 9 серий спасать Генри, что-то затянули они о_О",-1,0
Хватит мне уже сниться....это так мучительно:(,-1,0
я смогла исправить только три тройки из пяти( меня мама убъёт(,-1,0
@Dalatrass_Lover что они еще там натворили? :(,-1,0
племянница 14ти лет набила татухи.. куда катится мир? о_О,-1,1
"@essnooker @robin147 Это не сам Давид, это его ""ремаиндер"", автоматом. И он у него живет ещё по старому времени, +2 часа к CET, а не +3..(",-1,0
рыдала что сучка сегодня на концерте:(школу не отпускай меня,-1,1
Мама  наказала  так   что теперь не   гулять  не  телефона!!!   Короче  полный  пиздец!(,-1,0
@Julay94Julia приближение зачетной недели дает вам о себе знать. Вспоминаю как Батищева драла нас...брр. бедняги вы(,-1,0
Как часто ты посещаешь рестораны? — Сейчас я уже не хожу на свидания:( http://t.co/WjmKINlCXk,-1,0
"Ничего не нравится:( всё не то, всё не тооо",-1,0
@alex_silvana не хочет мне ее гугл показывать(,-1,0
"Господа флексеры, очень важно ваше мнение. Есть в языке haXe такая штука, как enums ( инте",-1,0
"@snowegoist зелено-серые с оттенком голубого ,как-то так :(  странный цвет",-1,0
RT @ainaberman: Как же лень делать уроки :(,-1,0
RT @Shizuki_sama: Хочу главу зверя ;(((((((((((((((((((,-1,0
"Вот говорят:-Россия поднимается с колен,- а кто ж её на колени поставил?И что она всё поднимается, поднимается, а подняться -ну никак (",-1,0
Какой будет эта зима? — Холодной(((( http://t.co/PYSGmu0fpM,-1,0
RT @fiqihobyvifi: хочу постоянства и определённости =( жуть...,-1,0
@Echelonidiot30 пищально( копи на новые с: вон в метро продаются рублей за 100 там даже копить нечего,-1,0
"@mr_implorer а я не могу, у меня собрание в ГЗ через два часа(",-1,0
"когда уже придет этот супер сильный, холодный  циклон на Мо ? Обещают, обещают, а не хрена не идет (",-1,0
"Как проснулась,отекло все лицо,жуткие боли в почках,температура одна и та же,и ведь,не сходит((( Ну за что мне все это? почему я???",-1,0
RT @kuhatahirel: БомбусМод вовремя не освободил память и упал. :-(,-1,0
"HOMIE ft Dramma – ты обнимай меня крепко, ПОТЯНУЛО НА СОПЛИ :(",-1,0
"все в моей жизне, кончились уроки математики(",-1,0
RT @30Chemical_Day: @Echelonidiot30 пищально( копи на новые с: вон в метро продаются рублей за 100 там даже копить нечего,-1,0
@GordienkoSabina нит :( но надеюсь это временно,-1,0
последний летний день наступил. Потом опять холода. :(,-1,0
"Друг любимый с армии пришел, и сегодня уже уехал:( http://t.co/Is4FBDqW7N",-1,0
И почему это ты так часто права... Эта дурацкая история не закончена ещё :(,-1,0
Сука...ненавижу атмосферу автомастерских..(,-1,0
"@chjujuu @CoderRemix @Boku_no Лол, нет, я чувствовал себя шлюхой, когда меня толсто соблазняли … а, впрочем, все равно неправильно поймёте((",-1,0
@snashnina  выздоравливай и высыпайся. и приезжай в ннов =(,-1,0
А он мне когда-то нравился( http://t.co/fPbDFoEvNr,-1,0
Немного пива в одну каску под павер метал — это нормально? O_o,-1,0
"Хуже идеи, чем группа про банных алкашей я не видел(((((( Ебнулись нахуй",-1,3
аааааааааааааааааааааааааа Петя не выздоровел!!!!!!!!!((( ааааааааааааааа боже!!!!!!!!!!!! за что(((((((((((((((((( всё равно он идеален!,-1,0
RT @jywiqejetac: пух везде( http://t.co/y6bY6klyl0,-1,0
"@karinaitikeeva ладно ты забыла , а у меня кто то вчера украл зарядник(",-1,0
"захотелось выучить какой-нибудь язык, хотя со временем дикие проблемы:( хочется еще ходить в бассейн, но с такой работой это деньги на ветер",-1,0
"Легла уже спать , не могу уснуть . Жизнь - боль . Хотя завтра рано вставать :(",-1,0
"как ж заебал,кто бы знал......сука...нуждаюсь в поддержке..о @AlenaSorokina15 не хватает тебя,приезжай уже что ли(",-1,2
люблю и буду любить до конца жзни жаль что моя мечта не сбылась:( но я ведь так хотела увидеть тебя(((( поникла душевно умерла..............,-1,0
"@Lina_Sky587 @LPonomarenko_O здесь,то мы точно писать этого не будем.",-1,0
Фуфуфу тошнит  и болит голова:( ела в 4 часа последний раз. Надо спать.,-1,0
"@Shtoblyat1 @KsuhaYellow ооооу бля=( у тебя там член в углу торчит, ну нахуя??",-1,3
"Кто то боксерша,а я собираю теннисные мячики,и играю с Колей :(((",-1,0
"@VagAs20 Да, видела-видела. Чем ближе праздники, тем ""веселее""(((",-1,0
"@LiGalyaeva а какой? А то я не знаю, что дарить (((",-1,0
"@CEKC_TYT она сделать мне рекламу, но я так не хочу! :(",-1,0
"я так рад за Принцессу, я вот тоже хотел бы свадьбу но не с кем(",-1,0
@vikalekseevna я понял все и обещаю больше не повториться этого (,-1,0
Мне часто хочется сказать слова любви кому -нибудь...но некому и не хочу кого-то обмануть(( #SLEDUI,-1,0
"RT @gudimafezeb: Я, оказывается, террорист. Уже на досмотре спохватился, что не убрал в багаж любимый ножик :( Думал, все, придется оставл",-1,0
"@TaisiaMoon Ромео и Джульетта посмотри, я много и долго плакала, даже от песни((((",-1,0
спасибо((( за день до нашего месяца...ты говоришь что больше мы не увидимся...спасибо...,-1,0
"Photo: На заднем плане классный велик, жаль не полностью показан :( http://t.co/L4iRzQJInx",-1,0
"Небо поможет нам, небо поможет всем нам....И нам не перенесут сессию и оставят все как есть...Ребят не надо переносить, ну пожалуйста =(",-1,0
пришла домой.хорошо на улице.только этот мужик жутко напугал(((,-1,0
"и все-таки я дома сегодня, а, значит, остается слушать песни и смотреть фото и видео с концерта в Instagam(((",-1,0
@VilgelmYulya и мне :( по казахскому и по английскому не хватило 1 балла :(,-1,0
Как давно это было( здесь мои джинсы еще живы ,-1,0
"Завтра посвящение, но все печально!(( белой футболочки нет( #жизньболь",-1,0
всё таки я вспоминаю это... боюсь выходить на улицу до усрачки(((,-1,0
"RT @Masha_27K: #ThreeDaysGrace как же я последний месяц обожаю их слушать,жаль,что группа распалась(((",-1,0
RT @belazofydat: Посмотрел псевдодокументальный фильм BBC — The War Game. Перевод конечно поганый... Но вообщем понятно почему он 20 лет (,-1,1
"Господи,я бы многое отдала,чтобы у родных и близких все было хорошо,чтобы все были здоровы;(",-1,0
"Когда уже начнет сбываться всё то, чего я хочу? Ибо бога нет, а если есть, то не справедлив:(",-1,0
"@ash_fairy и тоже пиздец, пусть телка и аутентичная (",-1,2
@onelovecake эт не мне написали а я !! :(,-1,0
"хочу новогодний фотосет,но денег нет....(((((",-1,0
"Моя одноклассница ходила на концерт Наргиз, а я нет:(",-1,0
"@mercy__summers я пропустил день,когда могу забросать ленту поздравлениями;((",-1,0
@Kastiel_Misha я не знаю хороших фильмов(,-1,0
"Кучер,не сохранил клип(( Жизнь потеряла смысл",-1,0
"Мне приходят твои и мои  новости, планшет уде замучился:(",-1,0
@Polinarrria фига себе!Бедная( А у меня сегодня волейбол был просто:/,-1,1
"Понимаешь,что был человек и вдруг,за один миг его не стало =....(",-1,0
"Весь вечер решала олимпиаду по физике, название у неё очень крутое,Барсик. Барсик и физика,коооот и физика,Боже мой. :O :-!",-1,0
@iamIGRIK да ну? и ты тож?! O_o мы одно целое брат...,-1,0
"@l_enskaya хнык, а у меня нет пышных бедер((( меня будут любить только латентные гомосексуалисты((беда-беда",-1,0
"@sonybean да,при чем мне просто безумно понравилось,но...(",-1,0
"Я сегодня заебался. Начальник хотел, чтобы я заебался. Я его приказ выполнил. :(",-1,2
@SoffiVerba вот-вот. Никто не верит в мои комплексы(,-1,0
"Прошёл ассаську , ((( буду ждать следующюю",-1,0
"@chlenschmidta так ведь видео у вас осталось,а у нас нету ничего..НИЧЕГО!!эт не справедливо:(",-1,0
"Предлагают ехать в бассейн, а я отказываюсь, ПОТОМУ ЧТО В ШКОЛЕ ЗАВАЛ ПОДНЫЙ И ДЕЛАТЬ МНОГО НУЖНО ;(",-1,0
"позвони мне позвони, денег нет на телефоне,накачалf всякой дряни и теперь сижу с долгами =(",-1,0
"Сэр, поскольку вы сами обнаружили эти скрытые обстоятельства. :-( #FF_RU",-1,0
@Ramal0307 и ты мне еще сыпешь соль на ранууу((,-1,0
"@_moreocean_ я бы посидела с тобой, но я у Бабушки(( Кристиночка, не реви.",-1,0
Я себя сейчас так одиноко чувствую :(****,-1,0
"@Yusufova1 да,не спорю, но мне показалось че песня не по ней (((",-1,0
на улице такой гололед:( ногу вывихнул :-( и накануне 8 марта:-(,-1,0
"У соседей сверху заболел маленький ребенок. Мальчик кашляет сутками, жалко так ((",-1,0
"@voice1tv да, ни хрена ! не надо было трогать Кобейна (",-1,0
"@_kudriashova да какая это поддержка( просто это реально мерзко, узнавать такое((",-1,0
"Блядь, понятия не имею, как я буду жить в России по возвращению :( Сдохну от тоски, наверное",-1,0
RT @matovvotam: Изза галимой авы мне перехотелось общаться с подругой( какой я мудачек,-1,0
"завтра к бабушке, брат на машине забирает*((",-1,0
Нормальные люди будут завтра весь день спать  А я нет:( Бесит уже кт,-1,0
"Его запах пленительно-сладкий, он,.. наверно, ужасно -вкусный. Я бы съела его с клубничной помадкой! Но нельзя есть людей. Грустно...((",-1,0
RT @datatypahojy: Зачёт по графике. Допуск к сессии... Я — распиздяй=(,-1,0
"прочитала раз 10 стихотворение Есенина  ""Не жалею,не зову,не плачу"" в душу впало .. :(",-1,0
@MrFigureSkating я боюсь стереотипов. Тип за ее внешний вид могут не дать :(,-1,0
Идиотки..мои волосы длинные( http://t.co/3ZZ3KQYuaV,-1,0
@Owlllll я в очередях за хлебом и молоком все детство провел(((  на талон давали 2 банана раз в полгода    СЫТЫЕ???,-1,0
"наверно те, кто не смотрел финал меня ненавидят :(",-1,0
RT @dyqiwozurej: место девушке в положении. А на него примчится расталкивая всех какая то страшная баба непонятных лет :-(,-1,2
кстати Крис на фотке похож на украинца ахах(,-1,0
@angrywtf она уже не пахнет(((((((((((((((((,-1,0
Завтра на работу((( плохо чувствую себя((,-1,0
"@_kudriashova  да какая это поддержка( просто узнать такое, не каждый выдержит(",-1,0
"купила мороженое кит кат, а оно шоколадное и не вкусное((((((((((((( из всех таких мороженок самое вкусное это сникерс",-1,0
Ебаное желание просто поцеловать тебя все испортило :-(,-1,1
"@Kristi1606 пф, лучше бы мужики сами брились, а то вон ходят как бичи, а на пушочек наш тыкают (",-1,0
"Заебало приходить на работу к 12ти :( 3 дня ходила на ЛОРу на процедуры, сегодня мелкую выписывала. Завтра, интересно, чт",-1,2
"@keyboardwarr1 это не интересно, а грустно и страшно: вырождаются мужчины((",-1,0
Завтра будет лучше чем сегодня наверно ;(,-1,0
"Одногруппник, который взял бабки за курсач и теперь отказывается помогать - настоящий мудак! Хрен я ему теперь помогу на контрольных:|",-1,3
"Грустно осознавать, что ты смотришь последнюю серию заключительного сезона любимого сериала( #elbarco",-1,0
"@HeiligSein483 блин, у меня было такое же :( а купить такие же ?",-1,0
RT @korimatup: Падает пиджин от копипасты svg-edit`овской картинки (,-1,0
@Lenkooo_O а ты не участвовала? ты тоже могла бы выиграть мне кажется,-1,0
@Nastenka9566 если честно не в курсах((((,-1,0
"собрал пакетик, получилось ровно 444 файла. а потом оказалось, что два недоложил :(",-1,0
Потеряла каффу..всей семьей ее найти не можем( печаль,-1,0
"А что никто не пишет, что Медведев постригся? Про какого-то Хутина все новости(",-1,0
"блин, у меня нет чистых полосатых ненужных носков..((",-1,0
"Прочла в 5-ой книге ""Г.П..."" о воспоминании Снега.Но...Джеймс...ведь... Я разочарован:( Зато Лили описана рыжей,вот.",-1,0
@Underamoltensky я умудряюсь засветится на всех концертах eimic ((,-1,0
"Подожду я лучше Марселя, а то этот 5 кс страшный какой-то. Вообще не одного человека вокруг(",-1,0
Из-за этих испытаний на столе такой дикий срач из листов с распечатками образовался. :(,-1,0
RT @EliaNagaeva: @korean_banan @ooomfg @zaynmalik120125 @090mini @Amiko_fred @Yprt_mimichka @yolosy @olobersyko_o  оххх...спасииибо большое…,-1,0
"@cezaruschaman и от размера территории.. там много храмов на территории, и всё почти закрыто, перекрыто( с весны так... ужас((",-1,0
Как я ненавижу винду :( Извините накипело....,-1,0
"@li_ilina блиин, лапша осёл, мне сейчас любую фанту бы:(",-1,0
БЛИН ЭЛИНА НЕ ПРОШЛА(  ОНА БЫЛА НА 2-ОМ МЕСТЕ(  А ПРОШЛА НАРГИЗ(,-1,0
@UlyanaTulkina эх( я тоже по тебе очень скучаю!!!,-1,0
я так хочу этого и так ссу  как можно быть такой ущербной((((,-1,0
"Дааа... Мой любимый Памовский улыбака очень сильно расстроился( Рооомка, все будет! Значит в другом чем-то везения привалит!",-1,0
"едет с концерта Tiesto с подругой, с отличным настроением. А я тут скучаю :( даже в жабирцы зайти не захотела. Видимо н",-1,0
"Это версус, у меня самая уебанская печать :( http://t.co/hgJoi7mSkS",-1,3
жаль что я не могу носить свою мэнсосвастику(,-1,0
"@stepancheva @nastyakrysyuk_ а я говно, мне цветы не дарят:(",-1,1
Завтра каток не работает.Я так надеялся((( Тогда в воскресенье по максимуму,-1,0
"а раньше,я даже подумать не могла что ты меня променяешь..как же сильно я ошибалась... :(",-1,0
"@ma_leeka Зато ты Ницше читала, я не осилил(",-1,0
Пойду только если на мое ДР мы полетим в Лондон к Вонтам (,-1,0
Хотя я скорее весь ЧМ проезжу проводником:(,-1,0
Из за этих ночных гопникав не могу нормально выйти погулять:(,-1,0
Почему так сложно найти подходящую квартиру( заебали,-1,1
"@portativeby попробую обязательно! завтра, кстати, я по ходу не успею с утра - сын заболел :(",-1,0
"тыща дел в Курске,тыща дел в Сумах((( когда же будет время на отдых?...",-1,0
Транспорт от спбу.ру приказал долго жить.:(,-1,0
"@b_liliya прости я распсиховался  Просто куча уроков на завтра ... Так я не хочу умереть Просто спать хочу , а еще куча всего учить( Я нытик",-1,0
"сижу и жду сообщения, а оно не приходит!  :(",-1,0
Утром я умру. В 4 воскресну. А потом дома буду снова умирать :(,-1,0
RT @tanya_believe: Сложно поверить что все это закончилось :(   Мы так долго ждали и все так быстро пролетело http://t.co/QYRLLozTSU,-1,0
"@Ness_Nastya я надеюсь, что мне кажется, и ты просто убрала волосы назад (",-1,0
Все сети заполнены объявлениями о пропаже людей. Живы ли? Печально :(,-1,0
"сверху у соседей такой грохот, жду что они через потолок ко мне провалятся : (",-1,0
"Монокини перепутала с Дайкири :( ""Я искала тебя, Не смотрела назад. Я искала тебя, Уже тысячу лет"".",-1,0
"и тут я поняла, что на каникулах я тоже не высплюсь(",-1,0
Одна подруга сигарета...и та отравляет мне жизнь...(((,-1,0
@schutskaya кстати я скучаю по Джаббе... :(((,-1,0
так рыдала.что сосуды полопались.глаза красные.ужас(,-1,0
"пошел я спать,завтра не ждет меня патихард,а только гребанная школа,на алгебре многое выслшаем(",-1,0
Такими темпами скоро научусь высыпать за два часа:-(,-1,0
"Пацаны, где вы все? Вся компания потерялась(",-1,0
Грусть-пичаль: пересечение макпортов и бздшных портов в области port knocking для ipfilter даёт пустое множество :(,-1,0
"RT @wewefykyker: так 26 каналов в вещании а смотреть нечего :( Пошел я на торенты, может найду что-нибудь приличное",-1,0
RT @aselkaaaa: @gazepledge @Masha_onni оох ужас :( держись братююнь :3,-1,0
"@MihMoskva @imerkouri там же написано, в наличии нет:(",-1,0
до сих пор иногда хочется играть в Барби(,-1,0
"Вот куча работы, а сижу и ни о чем другом, кроме того что велосипед грязный, думать не могу :( Пришлось идти чистить",-1,0
зачем такое делать?  теперь не по себе как-то:(,-1,0
"самое глупое , что ты смог сделать за сегодняшний вечер ;( http://t.co/6HwJeEZmAl",-1,0
"Я тоже хочу на #киевскаясходка ,но я вообще черти где живу(",-1,0
"@Katerinaaa_ph мне тоже запомнилась, жалко, что выгнали :(",-1,0
"@tatiana110835 мне почему-то кажется, что этот аппарат 100 никогда не ставит, а жаль(",-1,0
"СПАТЬ ПОРА ВСТАВАТЬ РАНО :( СЛАДКИХ СНОВ, ЛЮБИМЫЕ http://t.co/O3fofv7FSh",-1,0
сервер упал. вернее погиб смертью храбрых :(,-1,0
Нuкогд@_не_пейте _н@пuткu_н@д_ноутбуком _-_р@но_или _поздно_ это_проuзойдет((((,-1,0
"Обидно за Юлию Пак... Я буду плакать. ( Это несправедливость какая-то или мне кажется... Не знаю, но такое ощущение, что это и меня касается",-1,0
"@fomik16 я ревела , когда сестру в Америку провожала . У тебя Ромка всего на год . А она навсегда уехала:(",-1,0
у всех белиберов лимит :( #mtvstars Justin Bieber,-1,0
На улице........много такс......в одеждеO_o,-1,0
"@brooklyasha не знаю , может только ты :( остальные даже не вспомнят , что я была когда то ... Мне даже никогда не говорили что скучают(",-1,0
Поэтому завтра после концерта я в отрыв.  Последний беззаботный день :-(,-1,0
"Завтра Настюха уезжает на выставку,снова выходные проведу дома;(",-1,0
Ты разбила мои мечты...  :( — почему? http://t.co/0CcnyEerCi,-1,0
16й день як мене не пускають на майдан :(,-1,0
"@PollyTrubnikova ахуеть как я жалею,что мы так и не сфоткались(",-1,2
@galachova ааааааааааа:(((((((как поет в живую?,-1,0
"@Vikaa_Squ почему одним все , а другим ничего((",-1,0
Так долго ждала этот день и так быстро он пролетел(((((((,-1,0
"да что ж такое... я думала появление вай-фая здесь принесет свет и радость в мою жизнь, НО НЕТ!!! эта сволочь на ноуте работает через жопу((",-1,2
RT @natalyteylos: суровая жизнь:( http://t.co/ZtHDKHSnQz,-1,0
"@relax_bitches я тута, но меня загрузили чтонет времени даже в тви залезть (",-1,0
"RT @DnoDnonskoe: Это версус, у меня самая уебанская печать :( http://t.co/hgJoi7mSkS",-1,0
"RT @qawefukalyf: Надо К-он пересмотреть, а то гитару купил, а мотивации играть совсем нет( Хотя мне кажется после пересмотра К-он я тортик",-1,0
@a_bulatova когда то мы должны были хлебнуть этого говна(((,-1,1
"Ира, Саша, Алина. отличная постановка! аж плакать захотелось ;( #ТанцуютВсе",-1,0
"Бро как обычно. У меня травма на все детство, а он ржет :(",-1,0
Зато могу сказать: мне так одиноко и так болит зуб ;(,-1,0
"не могу блин слезы на глаза,такие моменты трогательные.  (((",-1,0
"@olesyaklimenova к счастью, знаю и завидую как сука :(",-1,0
@milesha29 так то я хотела быть первой ;(,-1,0
"Сегодня вечером мне 3 года, я устала, хочу на ручки, не хочу ничего делать,готовить и убирать. Уложите меня баюшки :( *хнычу*",-1,0
"захотела тэйта поставить, а его же пося поставила (((",-1,0
"Всего 20 процентов,агутин,ты чо&gt;&lt; и 15 от зрителей..:/ это ли не д*рьмо:( я голосоваал;(",-1,3
"@MARINA_VLADIZ @lentaruofficial Сам дурак. Ты знаешь, сколько Мандела в тюрьме просидел? Провокатор ты наш, доморощенный ((((",-1,3
RT @linapanova0: @VMeysters ну итж издивательство((,-1,0
Все Софии одинаковые.((((9((9 http://t.co/u816gWvBSX,-1,0
"какие б я творения мог делать на этой штуке, но у меня нет 400уе((( http://t.co/GsFshgOAgN",-1,0
"невже так подобається мене мучити?! невже так важео зрозуміти!(( оооо,блііін ,все я безсила.",-1,0
Заебись с ездили в вестар чуть в милицую не забрали=(,-1,0
RT @_Noisy_Killjoy_: А мне не подходят лореалевске шампуни :( Изгой,-1,0
RT @lazzzex: А время идёт :( http://t.co/OZi5haiPoI,-1,0
Интереснота. Интерфакс приводит слова МБХ (,-1,0
"Хочется взять и исчезнуть, я все ровно не кому не нужна ... :(",-1,0
"@lina_tells Алин, ты лапочка, и не фальшивая, ты хороший человек, не надо так(",-1,0
"RT @KrisReneva: Живешь, живешь, а потом раз и жирный:(",-1,0
"Я хочу позвонить тебе, поговорить, но что-то меня останавливает((",-1,0
хочу черного хлеба с чесноком  брынзу и помидорки :(,-1,0
RT @fillip_ina: Все сети заполнены объявлениями о пропаже людей. Живы ли? Печально :(,-1,0
"@Irtnka @BilanOfficial в Билановском трио, как и Волчков у Градского, набрал 120% в общей сумме. Он по голосу и мастерству рядом не стоял(",-1,0
"Завтра суббота, а настроение почему то не появляется:(",-1,0
порассказывали про роды мне.ох мне страшно!!!!!!!!!!!!(((((((((((((,-1,0
"хочу посмотреть буллит Дацюка, но во время самого буллита качество скачет с 720 до 144, тупой ютуб(",-1,0
@Dasha_Anderson следующая через 82 дня по моему :(,-1,0
@Aeliriannon и вот сразу о недостатках(( 174см,-1,0
"раздражает, чихаешь и все потом передразнивают тебя!:((",-1,0
"Нет, не грузится КранчБанг :((( Индикатор загрузки доходит до конца и пустой экран",-1,0
@Riborak_Julia ну шо ж ви дівчата мене так огорчаєте(((,-1,0
Что-то уже неделю картинку в жуйк не отправляются :(,-1,0
"(Завтра зачет,почитала только то,что у меня есть",-1,0
"Ко мне впервые приезжала скорая, хорошо, что все же обошлось без госпитализации, а то боюсь операции((",-1,0
"@KonstantinovMas, ну..как сказать хорошо... новый гардероб теперь надо.. или обратно массу набирать :(",-1,0
"как мне не хватает философских разговоров с моими любимыми, наконец-то завтра соберемся, жаль, что не все(",-1,0
"@dobriy_kot1488 он делал себе гроб,ты что не понимаешь:(",-1,0
RT @_HeYa_Brittana_: и Маша-стерва ретвитит про жрачку =(,-1,0
Нахуя я купила себе вторую холодную парку ((,-1,0
дебиановский метапакет libvdpau-driver сцуко битый.. :(,-1,2
Здорово я сегодня побегала. Нога чертовски болит:( х,-1,0
@IrinaMityaninaa Я СОВМЕСТИМОСТИ ЗНАКОВ ЗОДИАКА УЖЕ ЧИТАТЬ СТАЛА. ВСЕ ПЛОХО :(,-1,0
"@shurinov_nikita записалась туда,устраиваем фестиваль для детей новогодний а вк такое гониво от них началось((я в печали",-1,0
ваще сука разбалованный кот приехал в не свой дом ещё и выёюуется!(,-1,3
@TanyushaLysenko :(( это пережитки быдловства....,-1,1
"забила на химию,делаю историю,ведь вся ночь впереди:(",-1,0
"А ярушечко XEP-0080 User Location не поддерживает, кажется :(",-1,0
"Одноклассник репостнул https://t.co/l2JsuaFUFW . Кажется, у меня таки два одноклассника-поцреота :(",-1,0
@YaVernik в залесье только таких и трахали(,-1,2
http://t.co/bTxnCK86tw Эфир- смерть жены Дениса Хлыстова. Дочь моих соседей. Чтоб его.... Хотя и ей непозволительно было бросать детей((((,-1,1
"Всего половина первого, а я с ног валюсь :|",-1,0
@aselkaaaa @gazepledge но лучше о это не стало:(,-1,0
RT @azetuwifxa: libre.fm не хочет принимать скробблы :( 68 штук,-1,0
RT @inna_kordun: Пиздец(( http://t.co/ELZoJW5Y5T,-1,3
"завтра я встречусь со своим страхом, стоматологом(",-1,0
"RT @AntonUA95: Холооодно, еще сильнее кашляю...(",-1,0
"Королевская сидя у Шустера, сказала, что ее голова сейчас находиться в пенсионном фонде(",-1,0
"@Ifuckinglol таж,а ведь завтра в школу  рано вставать99((",-1,0
Дальше по плану — доработка   и создание вебморды таки к Жуйке... только вот сегодня уезжать(,-1,0
"Ну, как же так :( Нодар спел мою любимую песню и ушел домой:( https://t.co/uEU9FcegBf Надеюсь, Беляев победит #Голос",-1,0
"блин(( кажется, я потеряла судзуранскую выпускную ленточку :с",-1,0
"все, больше никаких EAP. В пизду хомячка. Пусть лучше тормозит, чем переламывает проекты :(",-1,0
@withoutyourskin может ей снова херово совсем?(((,-1,0
Танец классный я тоже хочу теперь свадьбу(,-1,0
@marinapersik9 Наорала.И не дала поиграть в пионербол((,-1,0
"Субботний вечер хочу провести как мы любили... И вообще, ВЕРНИТЕ ВТОРНИК!!!(((",-1,0
"Это как будто сон, такой плохой(( просто вечер не задался и много ещё чего не задалось",-1,0
@Vanilavi а потому что кто-то слишком быстро бегает к поезду :(,-1,0
Расплакалась над танцем Алианы и её отца ( так это трогательно и мило ,-1,0
Не могу уснуть. Обнять нечего:( Пойду игрушку мягкую искать,-1,0
ну почемупочемупочему? ;( http://t.co/4TXcybtD9m,-1,0
"Котик так сладко спит, а я только доделываю исследовательскую:((Я скоро придууу",-1,0
"Губы ПЮ не делай,ты ж нормальная — Окау:( http://t.co/h6V0uIemIY",-1,0
"фу,только что там плохо стало...думала умру:( тошнить начало,голова закружилась,слабость нахлынула.... сейчас хоть чуть-чуть полегчало...",-1,0
@BelochkiKLP @VStognienko Обыграем только Бельгию((,-1,0
"RT @pejesyl: Писатель был не против, родители и адвокаты дали согласие, но продюсер оказался непреклонным. /:-( #TeamFollowBack",-1,0
"Печалька,что вместо торса,как у @jarpad я могу похвастаться только талией в 65см. Почемуууу я такой худой и массоненабирающий?(((",-1,0
RT @palizofyput: Открываю документацию на фреймворк kohana. Сразу в глаза бросается заголовок: «Эта документация — г*вно!» о_О Переключаюс,-1,2
И сегодня он пьяный. RT от 4 декабря  @salty__1970: Проста я пьянай! Прастите миня! :(,-1,0
@SmthXtra я всегда с ними балуюсь и они разнашиваются :(,-1,0
"@robohobo_ а утром я не буду в состоянии на это отвечать(( голова не варит, да и работа",-1,0
"@allavarta даааа! Даже метод съемки абсолютно другой. Последние сезоны рассчитаны на американского зрителя, что не может радовать :(",-1,0
"@IrinkaKalchenko  Иииир,я не пущу тебя,ты будешь со мной,до конца:,(",-1,0
RT @tipidosoqez: Ненавижу когда пользуются моей наивностью(,-1,1
"не умею я гладить. Рукава погладил, остальное помял :(",-1,0
"@vas_happing69 извини,я их не слушаю( не по мне.",-1,0
спааать.завтра рано вставать( по выходным и то не получается выспаться(,-1,0
"Закончилась эта пятница,пол дня в больнице((",-1,0
"завтра как 20 лет нет моей дорогой бабушки :,(",-1,0
Почему zara home такая дорогая:( а вообще хочу h&amp;m home в Милане,-1,0
Какая разница что и как у меня  с ним ??!  Что есть это между нами личное ❤️❤️❤️почему людям все так интересно ((( ??,-1,1
Как же я хочу покушать ресторанной еды. Ох уж и надоела мне эта домашняя пища(((,-1,0
"Я уже столько раз пытался найти сам фик и ничего не получалось Я такой безнадежный, что даже фанфик не могу нормальный найти :-(",-1,0
Сижу через телефон - все пишут..Залажу через комп - игнор :(,-1,0
"И так грустно стало:( увидеть бы и своего дурашку. Завтра суббота........,,,,.............",-1,0
"Мне так страшно((( быстрей бы уже! Я все могу, я справлюсь!",-1,0
"RT @bujolotinaly: За последние сутки выпилились три человека. Ну мушш мой, я надеюсь, временно, а кто остальные двое — понять не могу. :( М",-1,0
@Hulan0128 тийм юм юу байдаг билээ гэхгүй юу хэхэ.хаа нэг хэдэн модноос өөр юм юу ч бхгүйээ.:(,-1,0
"А я сегодня проебала вдохновение (( Так обидно было - меня только пропёрло, но нужно уже было бежать на этот сраный дуплекс и всё, опять хуй",-1,2
@Viktuar1964 @black_swan33 @PsykerO1477 Знакомо. (,-1,0
"гороскоп:""Львы,вам срочно нужно изменить что-то в жизни.Встретить нового человека.забыть старых,ненужных,.иначе Вы сойдете с ума."" оаа.(((",-1,0
"RT @finusahuqig: *...эх, вернуть бы время назад...пирожки сгорели((...*",-1,0
Почему я об этом знаю? Лучше бы не знала: (((,-1,0
"Из-за второтега я на любое обращение ко мне отвечаю ""Я!"" вместо ""Да"" или ""Слушаю"". :(",-1,0
ни харашо плагиатить леди гогу ((((999(((дивять http://t.co/1hx5Vp2kdZ,-1,0
@Sallivan_me @danya2307 Все забыли про кота(,-1,0
"@ket01region Девчонки молодые и красивые. Это смущает. Может и сама, и не сама. Чувствую, много что мы не знаем о о криминале:(",-1,0
RT @naxotadavire: Я в конторе самый нуб в контерстрайк =(,-1,0
Мне плохо. Я сейчас заплачу( я хочу туда. Бен Стиллер!!!! Мамочки! Людииии!! Я очень хочу на запись этого выпуска(( http://t.co/swvMSTgEcO,-1,0
"Ая думаю,что она ко мне привязалась""серьезно,да серьезно""© Весь вечер меня смешат,вообще я люблю смеяться и как жаль,что поводов все меньше(",-1,0
RT @nahihusoqil: это был предпоследний бакал :( Вроде все стекло собрал  :-[,-1,0
"Блин, у нас столовая сдохла. Опять обедаем где попало... :(",-1,0
"Какая новая шутка.Раздражает,что сразу увидев,что армянка,то специально замазала ""Азербайджан"". Это подарок на др :( http://t.co/ZxfryRWBWV",-1,0
@karin_karin_b ну просто у @mortalezz сисег нет :-(,-1,0
"Блин,шея болит!( Вот я ,искатель приключений на свою голову....хм!(",-1,0
"@ich_bin_kot физнагрузки присутствуют и воздухом свежим дышится... ,однако,и это не помогает(((",-1,0
Это чисто я заболеть ;/ перед выходными ;( хочу увидить кисуль !!!,-1,0
"@vernydubova у меня днем еще норм,но мне все равно холодно( и вообще",-1,0
"RT @wecyqucoxog: было 3,5 косаря и нету( абидна",-1,0
"@uprt_sterekoman да, они те еще прихлопы. ну, как чего? развиваю паранойю -.- вечно в чем -то себя ругаю. и так грустно от всего:(",-1,2
первый нах! Аффтар жжот нипадецки Песдарно /:-( #ff,-1,0
НУ ВОТ ПОЧИМУ ФОТКУ КОТОРАЯ ДОСТАВЛЯЕТ БОЛЬШЕ ВСЕГО НЕЛЬЗЯ ВЫЛОЖИТЬ (((((((((((((((((((,-1,0
"Вот что на самом деле плохо, так это то, что у меня нет молока, а с печеньками оно было бы охуенчик. Прям душа болит без него(",-1,0
Миссия провалена :( http://t.co/KnpJKZi6mG,-1,0
"@kaoru_kazuma, ага, а то совсем печаль. :(",-1,0
сижу и жру замороженные крабовые палочки..ибо заебало(,-1,0
Осмотрела @barkvartirnik. Для ирландской вечеринки места маловато :(,-1,0
"@HromadskeTV Ганьба,Ганьба,Ганьба((((((((((((((",-1,0
Снова невероятно крутой полуфинал сезона... Серия полна эмоций и первая в рейтинге за весь сериал. А продолжение только в феврале(,-1,0
"нет нет нет,.. ну реально только не это.   я правда не хочу(",-1,0
"@mon_liz1 Всё равно они очень плохо делают!:( А ты засыпай, Лизонька.",-1,0
"@krum_v @LadyAGreengrass Для меня все сложно. Я хочу в команду, а меня туда не возьмут((",-1,0
"Когда ты болеешь, по началу так хорошо лежиш, бездельничаешь, а потом так скучно без друзей и даже по школе скучаешь!!!(((",-1,0
Спела песню - сразу четверо отписалось. Я что даже в твиттере так плохо пою? Люди такие жестокие (((((99(((9,-1,0
RT @syfubotiweb: вот и кто еще может находясь дома расшибить себе бровь дверью шкафа!!!! ауч(((((,-1,0
В этом году снега еще не было.. :( “@BestEarthPix: Snowy London http://t.co/ZejXnzlFGO”,-1,0
"Снежок-замечательно Погуляли-суперски а,вот спалили - не в тему :(",-1,0
"Забыл про скайп, про Лину, про радио. Ну почему у меня дырявая голова( простите :(",-1,0
RT @ChvalyukLiliya: просто я очень сложный человек вот и все(((,-1,0
"То что два месяца выбегал в тренажерке, за два часа набрал в гостях у мамы, жесть блинский(",-1,0
я сейчас посмотрела самый идиотский фильм который когда либо вообще можно было. о_О,-1,0
"@geumul107 фиг знает пока что :( слушай, в принципе я могу тебе и щас отдать, а мне уж там придет на карту потом",-1,0
"понимаю, что нервы сдают, и я часто болею. Мы видимся очень редко, мне тебя не хватает, до конца так далеко, а я уже не могу так:(",-1,0
"Не виделась со своим❤️всего 1 день, а так сильно уже соскучилась по нему;(",-1,0
"Ужасно. Из-за всяких процедур обсыпало так, как подростком не обсыпало. Врачи говорят, что нормально, шлаки выходят. Буду в маске ходить:(",-1,0
За окном темнота. Нихуя не видно. И Башматинок потопал в школу:(,-1,0
"Единственное разочарование от итогов жеребьевки, кстати, в том, что для Джеррарда его последний ЧМ закончится на групповой стадии =(",-1,0
"@Born_to_die___ то он есть , то его нет( печальная баба",-1,0
"Надо стараться, а времени нет((( #mtvstars One Direction",-1,0
"Вот всегда так, после выпитого тянет потрындеть, а в оффлайне уже не с кем, в онлайне все молчат. Блин :(",-1,0
"Что то я совсем расклеилась( Температура, уйди, нам не по пути :(",-1,0
"Все еще не встретила металлостроевского маньяка.( Ему холодно, наверное.",-1,0
"@MonkeyDamn я бы с радостью, но мои выходные принадлежат рефератам по физре, которые я никак не напишу. :(",-1,0
@LaBananaCollins я теперь не знаю как дождаться следующей недели =(((((,-1,0
"Попросили попеть в школьном хоре, я не хочу. Но отказывать не умею :( завтра на репетицию",-1,0
Ну вот зачем все это.терпеть не могу свою черту-жалеть о сказанном/сделанном(,-1,0
"все завтра будут спать, а я на учёбу:( #победитель",-1,0
ну вот что за жизнь ((пока ходила есть Ли заходил: (((((((((,-1,0
"@LPonomarenko_O ночи о/ и кстати если ты еще не начал рисовать единорога, то нарисуй пожалуйста панду. Ибо я-панда :3",-1,0
Раздайте кто нить пожалуйста скорость ну о ч малленькая=(,-1,0
Завтра я опять останусь без инета... Буду по вам скучать... :(,-1,0
А Наргиз сегодня вообще не понравилась :( Лучше Кобейна все равно никто не споет.,-1,0
"и правду,почему?:| http://t.co/AXYvbJdrlr",-1,0
@JuliaVinnikova ну вот это и смущает((( шубу потому что надо ,-1,0
сорри. ложная тревога. линки все еще не подсвечиваются.(,-1,0
@Saturnych а 1520? Хочу его ибо 920 как-то мал о_О,-1,0
"@Yar_Ne @FatherIand при том, что негров в Африке нельзя упрекать в каннибализме, поскольку духовности у них нет... я устал(((",-1,0
"Во будет прикол, если я НГ в минске проведу( Пиздец",-1,0
Смотрю молодежку..и понимаю..что щас усну...А за чаем влом идти :(,-1,0
"RT @wymexuxyhex: как же всё хреново с MPEG-4 AVC в linux :( тормозит в VLC 1.0.5, и в MPlayer rc4 с vdpau. в первом идёт плавно, но местам",-1,0
"Были сегодня в одном из самых статусных клубов Дубая - Armani Club. Картинка красивая, но людей нет вообще! Охраны больше, чем посетителей (",-1,0
"Повредил спину на тренировке, теперь буду ходить с поясом:(",-1,0
"Давай ты сейчас все сделаешь и тебе будет хорошо,а?! Не буду мучится я.это чувство меня гложит(",-1,0
"Я могу попросить все, что угодно. :_( #follow",-1,0
"RT @ERA1_57: @fast_essential @EkanerinaK она мне говорит, что я жОсткая:( зверь, стерва и ваще конец моей тирании!",-1,0
странное ощущение эмоционального подавления :-(,-1,0
"@DIVA_ARMSTRONG я вроде норм, правда недавно любимую гитару с нервов расхерачила(",-1,0
"Время-то уже обед! А я, поскольку Федора еще ставится, остался без мультика :-(",-1,0
телефон теперь постоянно показывает что якобы подключена гарнитура =(,-1,0
Блин... опять живот (( Плюс с Димой поссорились(( Ладно думаю хорошо все будет,-1,0
"@stereoderevo жаль, была там на прошлой неделе, а тебя еще не было за барной стойкой(((",-1,0
RT @datizifezuga: почему эту песню исполняет Gotou Yuuko? o_O,-1,0
Ревность (((ааааа ненавижу себя за это(((,-1,0
"@nastuha110 дада,и мы сидели ждали её пару;-(",-1,0
"@IEROWAYBJA только если так, слабак же((9(",-1,0
@ENERGYSEO Вот я и не знаю что происходит(,-1,0
"аааа что я за неудачник, вытащила у мамы с под носа коробку конфет, сижу ехидно ем их, и понимаю что забыла сок так, ну что это такое мм((",-1,2
"@nevadyaaasha @caribbean_rm как, там нет Вани?((",-1,0
И сука краски для рисования на ткани 150к :(,-1,1
"Воспоминания просто сжали  изнутри,комок в горле,слезы на глазах..из-за одной лишь фотографии(((",-1,0
"в тот момент когда ты голоден, все фильмы, клипы, реклама.... да все вокруг говорит о еде :(:",-1,0
@djavid_92 балин!! йа терь уснуть не смогу...качу качу качу((((!!!!!!!!!!!,-1,0
"Не плохо поработал, но нифига не успел =(",-1,0
Лета. Хочу. Увидеть надпись welcome to Japan и сгнить уже наконец :(,-1,0
"RT @Sveta_O_o: @LavrovaLove ахахаха даа , ай яй яй , как так я могла забыть такое ♥♥♥",-1,0
тут еще столько фоток не поместилось((( http://t.co/8fpvgq78Q7,-1,0
"Завтра суббота и это классно, но я расстроилась, что 2 девчонки не приезжают ко мне зимой ((",-1,0
"Ну все настал насморк , теперь он будит меня преследовать до конца зимы . (((",-1,0
"@puffistik_ да вообще....напишешь что-то очень важное и ждешь, ждешь, ждешь, а в ответ тишина (",-1,0
"@pavel_power ты-то слил, а я теперь не могу пластиком в кабаках расплатиться(",-1,0
"И вообще женский спринт смотрела в режиме смс от @kato_by в пробке :( вот это было жестоко, 3 часа простояли в снегопаде",-1,0
"Пиздец смешно( Похуй, что будет, то будет.",-1,0
"Это будут загруженные выходные. Эх, печально.((",-1,0
"Разборки опять с этой Ульяной, почему она не понимает, что она тупая очень?(",-1,3
"@_KOT_C_MAPCA_ @stasy_spn @Dasha_crazy_69 @MAHDAPIHA ахах,ко мне тоже многие мелкие липнут:(",-1,0
"Он думает, мы такие же. :~( #TEAMFOLLOWBACK",-1,0
"RT @tifusomerih: Слава Сэ вообще офигел. Стал так редко писать :-( ну, вот как жить дальше?",-1,0
@yourXing вот хер знает что брать &gt;&lt; На строилась на яблоко...но просто как всегда (((,-1,0
"эй. 23:00, а меня оставляют одну дома. ну что за дела?:(",-1,0
Отсканировала вместе с текстом какой-то трупик моли. о_О,-1,0
"Блин,на выходных Хабр как-будто вымирает(((приходится искать и читать посты ,которые случайно упустил.",-1,0
"@INFERNOSILA @Ashera_Tee ему и так досталось бедному, скорая была(",-1,0
"Эх, стоило приглядеться к группе, как оказалось, что она уже распалась в 2007 году :( Группа эта — Anthemon. Кстати, все",-1,0
"А все потому что я вчера приехал из Астрахани, 2 ночи не спал из-за этих автобусов (((",-1,0
"@uuunt1 @cekc_mypucm ога, коты - любимая еда Альфа:(",-1,0
Боже мой . Это было последние лето:(((((((,-1,0
@st_irenka у меня сегодня весь вечер какое-то странно мелланхолическое состояние(,-1,0
"Ох, как же я была рада поведаться со всеми в школе. Это чувство ностальгии по тому беззаботному времени(",-1,0
"Ой,чувствую что кто-то не встанет завтра в 8 утра((((",-1,0
Это увеличило ощущение неуверенности в дальнейшем. :_( #FOLLOW,-1,0
Еле жива. Даже стакан воды никто не принесет :(,-1,0
"RT @_umri_: Нечего кинуть в инстаграм, потому что я страшная (((",-1,0
RT @LavrovaLove: @Sveta_O_o оооо как это мило.... Я тебя тоже люблю ❤❤❤,-1,0
"домой хочется, а ещё тут 13 дней торчать;(",-1,0
"Скууучно,по телевизору не чего, спать не охото, вот чем себя занять?:(",-1,0
"-...и этот день НАШ! / -но не мой:( / этот день твой, ЕСЛИ ГЕЙ-ПРОН С ТОБОЙ!!1 / Гей-прон #песня",-1,2
"@Oleg_Ion ну вот,лучше бы ушла,а то как обычно стоит остаться и потом будешь жалеть(",-1,0
@PopovKV а был первый? Не видел приглашения...:(,-1,0
RT @LavrovaLove: @Sveta_O_o эта девочка самая лучшая ❤ люблю её❤,-1,0
"@kettmeow когда я играла в нее в детстве,дальше 3 уровня не продвигалась.а на компе фиганула неплохо так.а твою игрушку не знаю(",-1,0
"Мне грустно опять от того. Будь я на ее месте,вообще не представляю что было бы. Блин:( Не могу.",-1,0
Завтра рано вставать :( Так что пора спать,-1,0
@Kamillaya_dia масло дааа...... отдаёт маргарином.... вообще нормальное масло фиг найдешь((.....,-1,0
"RT @Sveta_O_o: @LavrovaLove уии , как приятно тоо ♥♥♥ и я тебя люблю , дорогая ♥♥♥♥",-1,0
RT @xojurewirax: Устал уже в очереди на мойку стоять. И главное к вечеру машина опять грязной будет :-/,-1,0
RT @lora_lerevna: “@Класс! RT AlexeySazonov: А в Таиланде полиция сняла защитную амуницию и села рядом с протестующими :| http://t.co/K2iz0…,-1,0
а вот например кадр из титаника — уточке тонет :(,-1,0
RT @kozowajyxybu: в борьбе моей фобии и зубной боли постепенно побеждает зубная боль :( Скоро она таки вынудит меня пойти к стоматологу. Пе,-1,0
"@txnmnd нирвану, да. Ну не отстой, но лично мне не понравилось как-то(",-1,0
"уже больше часа пытаюсь заснуть, и никак :(",-1,0
@BrotherKombarov катни мяч ему.вырастет сам выберет.Может петь будет как Кобейн или Басков((((((,-1,0
Сколько часов в день ты слушаешь музыку? — 1час в неделю :( http://t.co/EIZ6g1cKEX,-1,0
Жуткая слабость. Как меня достала эта жара! :-(,-1,0
"Если  ты хотя бы один раз в жизни был в эпицентре землетрясения,никогда уже не забудешь ( Особенно,если была многоэтажка,последний этаж(((",-1,0
Вот теперь мне тоже графоманить по Сенью хочется. И стеб я писать больше не смогу(,-1,0
БЛЯТЬБЛЯТЬБЛЯТЬ КАКОЙ АД Я ТОЛЬКО ЧТО ПОСМОТРЕЛ :((((((((((((((((((((((((((((((((((((((((((((((((((((,-1,0
RT @fyzimapeleme: Ых. Читалку забыла. А тут ОЧЕРЕДЬ! :((,-1,0
Всегда надеюсь на лучшее. Я оптимист. А зря((,-1,0
"Иду спать...учёба отнимает столько времени, которое могло пойти бы на здоровый сон(",-1,0
"Пока каталась по всему городу,не смогла посмотреть #дом2 (( но знаю,что там жесть полная",-1,0
"стою в ""Галерее АРТ"", на раздаче слонов от Йоты. Скучно, примитивно, жарко. Хочется кушать ;(",-1,0
"Какие-то хуи онлайн, а мои пидрилочки - нет :((",-1,3
@heyguybelieber лул вот йито ты даешь :( не расстраивайся нето выипу #янормальный,-1,0
ГОРЕ!!!!!!!!!!!!!!!!!!у меня горе!!!!!!!!!!!!!!!!!!!!!!!!!!!!!!!!!(((((((((((((((((((((((((((((((((((((((((((((((((((((((((((((((((((((((((,-1,0
"@kuzmimariya скоро,скоро! я тоже скучаю(( чо там делаете?",-1,0
"бля, как мне хуево, походу температура, пиздец(",-1,0
Я не могу сформулировать мысль в 140 символом. Я имбецил. :(,-1,0
"@davidmydak два месяца..а до этого я его ещё три не видела,в Киеве был:(",-1,0
@KristinaEchelon /подошел и срезал половину слипшихся волос/ обидка(( Ну-ну хд,-1,0
боже.. Реву как будто мне5 лет уже вся подушка мокрая не знаю как спать буду... Хотя спать осталось чуть больше 2часов((,-1,0
"Папа запалил что я не сплю , а рисую. Я не виновата что вдохновение в час ночи как сумасшедшее прет(",-1,0
@somsok5412 кстати в Алмазном фонде не разрешают фотографировать(((,-1,0
"Не работается, моск салатовый, т.е. как салат... =(",-1,0
Судя по тви Яны Чуриковой Мумий Троль распадается..О_о.. я в шоке..что творится вообще в этом мире?((,-1,0
@k1drauhl69 @heyguybelieber какую данию ты щта обширный ? o_O,-1,2
@ju_inspired я как ребенок...это наверное никогда не изменится :(,-1,0
"@_angel_valiente @_between_us 3,14зда нам будет беспробудная,бабы((((",-1,1
"Я не могу не пойти на лекцию... Я теперь ""препод""... =(",-1,0
Блять руки надо оторвать ото лезит мне еще тут!(,-1,3
@koolina_100 @masha_1_0_0 @Oleg_Ilchenko @Creative_Link это то что осталось от конячки? :(,-1,0
"Все туда привозится - еда, напитки. /:-( #FF",-1,0
"Выяснил, что мой wifi-роутер не может обслуживать более 20ти DNS-запросов одновременно :(",-1,0
"@AlexandrKiev нет. Я боюсь, дело вообще к войне :(((",-1,0
@street_mob_org  ну нифига себе новости о_О,-1,0
"Я поверить не могу, что мой знакомый мог так поступить...не верю....но это правда (",-1,0
@Len_o_k он не идет на контакт ( ахаха http://t.co/2XlpXMpLqt,-1,0
Твое сегодняшнее поведение меня убила((((,-1,0
"Твит пролетания над Нью-Гемпширом. Скоро уже Канада, и интернет заберут(",-1,0
"RT @wumufikibyke: Как такое может быть? pbzip грузит 800% СРУ, размер аутпут файла не растёт. ЧТО ЦЭ ТАКЭ?! O_O",-1,0
"Интуиция подсказывает,что что-то должно произойти,а не знаю что(( надеюсь хорошее",-1,0
"@xxxoh_oppa было бы крайне хорошо, а то будет обидно, если в самый неожиданный момент, бумага тогокнется от обилия красок и прочая(",-1,0
"""Лизааа,у тебя сиськи не такие мягкие как Риткины,на них спать неудобно""  Обосрала (((((((999(((",-1,2
"RT @AlyonaHardcore: я спать, глаза жутко болят.((",-1,0
"@Niksuch Как я тебе завидую! Тоже хочу, но времени съездить нету(((",-1,0
"да мой любимый Маршак зарелизился, хоть и с новым вокалистом (",-1,0
Получение деньги с YouTube прийдется отдать на починку iPhone ;(,-1,0
"так. пока шторы лежали, они знатно помялись :( сколько ж всего надо одновременно совмещать! интересно, много ли времени г",-1,0
RT @KaterinaHolovko: давно я так не нуждалась в музыке((,-1,0
@Daniel_Korotkov хостинг поменял все возможные днс и ип. Сам вторую неделю мучаюсь с бубном:(,-1,0
"Чувааак, вернись :""( http://t.co/pvWYUw0seL",-1,0
"Встречи все хуже,поцелуи все реже,мир и покой-так их и нет уже!((",-1,0
RT @Matveev_Andrew: Только что смотрел фильм с участием Пол Уокера ;( Каким же он был офигенным !,-1,0
RT @memonigetoz: Тыщу лет тут появлялся :(,-1,0
"На кухне готовой еды не оказалось :{ Загрузил в желудок вредностей, пришёл, взял телефон. Оттуда на меня смотрела новая заставка. Сооовесть(",-1,0
Ещё один неудачный поход в культурное место!!! (,-1,0
"хочу курить, а маша не хочет идти( а мне одной скучно(",-1,0
"Обновил за каким-то лешим surf, теперь не работает простоплеер :(",-1,0
@PVard так. ладно. я просто боюсь что-нибудь пафосное и скучное предложить(,-1,0
"RT @hudejahabyb: я так быстро привыкаю к людям,а отвыкаю годами..я скучаю по ним((.. кто-то просто забыл..ис",-1,0
"Кто нить настраивал связку VisualSVN Server + Trac 0.11 на Windows? Можете подсказать, а то заводится никак не хочет (((",-1,0
RT @kisa_tanya2000: @I_love_you_dad_ та там у меня такое почти постоянно:( Нога очень болит и ходить больно,-1,0
"RT @sir_Archet: Я по утрам тебя будю, А ты - аморфное фондю. (",-1,3
@HK421_bot Ты выглядишь как бродяга. Отвратительно. ((((,-1,3
"сделать вид , что тебе все-равно, чтоб тебя не добило все окончательно.. впрочем такой подход касается не только политики...(",-1,0
"RT @wylsacom: Почти 2 года прошло, а особо ничего не изменилось. https://t.co/81AV0tqFzH Печаль. :( #SSSR",-1,0
Не могу уснуть :( Ужасно себя чувствую...,-1,0
На youtube при просмотре клипа песни про DOS (   в похожих видео есть Penguins. Не-не-не!,-1,0
"@kisa_tanya2000 бедная,а почему не спишь?(",-1,0
"Блин,а я и не знала что мы с К встречаемся(",-1,0
хочу быстрее за руль своей ласточки! больше не могу ждать :( и ещё бабушкин борщ хочу ;D,-1,0
"@panda_ada уже началось.а я надеялась на теплую зимушку,как сейчас( но.чудес не бывает",-1,0
"@wittttch их нет, ебта. а если и есть что-то похожее - то полное говна(",-1,2
"Блин, ночью уснуть не могу, утром встать не могу((( ч за фигня!!!",-1,0
"И все-таки жаль, что он не поддался чувствам =(",-1,0
"горло болит, как при ангине(( ещё этого мне сейчас не хватало...",-1,0
"RT @ziredutanygo: вот как 36е ядро не умело сотрудничать с виртуалбоксом, так и не умеет :( поставил 2.6.36.1-2 и нифига :( опять откатился",-1,0
"Только что меня спросили ""Какой у тебя размер?"". Подумал что речь о... ну вы поняли о чем. Оказалось что вопрос был о размере ноги о_О",-1,0
RT @LifeGood3: @aprelskaya95 я тоже( выздоравливай,-1,0
"@Lina_Sky587 @LPonomarenko_O тогда,что за непонятные твиты?",-1,0
"RT @I_love_you_dad_: @kisa_tanya2000 бедная,а почему не спишь?(",-1,0
@petricolous да блин.Ферги ушел - и как то все не то.Да и вообще моя былая страсть к футболу как то поутихла(,-1,0
поржала!!! охуенный день!  только мой кот грустит:((,-1,0
"@n_kolka @volodya115 Не очень. То что надо, найти не могу ((",-1,0
"RT @tejabysaxur: А Haml умеет content_for? А то, я чего то не нашел ни единой зацепки. Если нет, то какого спрашивается я его смотрю O_o",-1,0
"@LanaRom прости, котик, но пока я жива, я буду делать все, чтобы ты не грустила. плохой из меня друг, извини(",-1,0
"каждый новый день похож на предыдущий, только даты разные..((",-1,0
"Доктор сказал, что по крайней мере два месяца про работу и думать нечего. :_( #FOLLOWBACK",-1,0
задумка о том как написать что бы оно работало провалилась :-(,-1,0
"@yarishka_cao В обласной центр на квартиру, потому что на данный момент я в селе :(",-1,0
"Вчерашний ПВД на 150км оказался полным x_x. Назад ехал под дождем, весь мокрый, с ужасным ливнем и ветром, между полями (",-1,0
"Ужасно жить в месте, где тебе никогда не подарят букет от @myfloshop (( Хочу обратно!",-1,0
Ким Тан....где такого найти ещё:( http://t.co/wmfStq7jMv,-1,0
Херня ( крови вообще не было ((( один эффект с пилой токо был,-1,0
"Шо за пиздец? Картридер потерял, документы от теле2 симки потерял... =(",-1,1
"Не знаю как вам, а мне чего-то грустно стало, может просто на собственное настроение наложилось. :(",-1,0
Пришлось не спать всю ночь из за этого гребаного зачета по истории:(всю тетрадь исписал!:((,-1,0
@kgimv теперь ты тоже думаешь об этом? :(,-1,0
"хочу несколько шоколадных батончиков но не смогу их съесть, бля(",-1,0
"@andruhaya а самая большая беда, что холодно как на улице в цеху ((",-1,0
завтра будет трудный день... весь день сидеть с этим терминатором(((,-1,0
RT @solitariness: @_BaTMaH_ не могу уснуть(,-1,0
"RT @lemysomocaxy: Сложно просидеть на работе 8 часов, когда вокруг ремонт и всюду прет краской =( хожу как в ином мире",-1,0
смотрела Наследников плакала очень( грустно там все.,-1,0
RT @nudyzamydog: Иногда чувствую себя белкой из ледникового периода..(,-1,0
"@andruhaya у нас же отопление свое было, из лера стекла, а теперь все (( бутылки не греют нифига ((",-1,0
"Как же тебе объяснить , что самое главное это не слова, а поступки .. как?=( #TEAMFOLLOWBACK",-1,0
@uglystrangeboy просто стерво. я так очікував :(((9((,-1,2
У меня что то ваще по жесткачу разговор сбрасывает постоянно :(,-1,0
"Ну все меня Бодя ненавидит:(( я его задолбала , больше никогда не буу ему писать:-((",-1,0
@Armstrong_9906 хрена.. 1 урок ( у нас ещё 4..,-1,0
"@jstoruser это да. путин - основной квест, но есть куча побочных((",-1,0
"@kgimv я боюсь за Дерека :( вечно же ему достается, бедняжке!",-1,0
@Mea_Dementia Этот пирсинг страшен... о_О,-1,0
"@VishniaKate тогда всё ясно( боже это жопа,у меня столько новых фоток(",-1,0
Я не хочу болеть. я только выздоровела( блин.,-1,0
@from_Gallifrey_ @Poppigy ты знаешь как я грущу (,-1,0
- я урод( а ты такая красивая.. - ничего милый. мы будем дополнять друг друга=*,-1,1
Что-то у меня арчик не с первого раза стартовать начал. На этапе проверки модулей вываливается в kernel panic. :(,-1,0
"@b0n1q (((( крид, тогда получше будет ахахах",-1,0
"Удалил вк, теперь люди думают что я повесился (",-1,0
@mr_dodido @Elya_Oblomova где вы их находите? ((,-1,0
Где-то на этом моменте я потянула связки. :-( http://t.co/W2PHV3e5ME,-1,0
Вітька кисне на очах. А був веселий мудачіщее(,-1,0
теперь я сплю одна...и только плюшевый мишка меня понимает(( #AutoFollowBack,-1,0
"уснуть не могу, от всех впечатлений. хочу обратно (",-1,0
"Хочу спати,завтра репетитор із самого ранку;(",-1,0
Забыл вернуть в кабинет главбуха вентилятор до её прихода. +(,-1,0
RT @xudyzehedady: Засрали тред   :( А ведь неплохо начиналось.,-1,2
"Ложусь спать улыбаясь, хотя теперь страх появился.. Я больше этого не переживу :( http://t.co/HrbS7cfLYL",-1,0
"@katevtk вот уже где говно ( у нас тоже было, правда чисто семинарчики",-1,2
"Оля не хочет клеить коммерса в камчатке, хнык ;(",-1,0
едишь в автобусе всё хорошо и тут бац...грусная песня и ты вспоминаешь его((,-1,0
"а на работе чего-то подзавалило :( похоже, уйду ближе к полуночи :(",-1,0
"И почему я сразу не пошла туда.как я ошибалась( ну что ж,буду стараться справиться с трудностями и больше не делать необдуманных поступков",-1,0
"Мастер и Маргарита, снова уснуть не могу :( http://t.co/SKNiYTO7TF",-1,0
"лол, защёлкал в варке овцу, она взорвалась. Сцуко, я не знал, что они динамитные о_О",-1,0
"RT @xetafiteguqy: все прямо так плохо, так плохо, уж и не знаю, как выбираться из говна. блин :((",-1,0
".я так хочу чёлочку бэйби и нэвер сэй нэвер а не ниггу шлюх и PYD...ДА ПРОСТЯТ МЕНЯ БЕЛИБЕРЫ,НО Я СКУЧАЮ(",-1,0
RT @daqomezyvoju: Накукрыскин заболел. Уже второй день как... :(,-1,0
@saint_nastya @MsBalkonita я ничего не ем и мне точно не стыдно :( мне грустна,-1,0
@WEBelarus @delphin1111111 да вот полные дрова с ним(,-1,0
"@reversetheorder между ""уметь"" и ""не уметь иначе, драпаясь на стенку каждый божий раз"" есть разница(",-1,0
"@VeraBrezhneva Худым людям тоже сложно, часто под раздачу попадают ... от толстых :(",-1,0
"RT @jubugonufona: Мля, птяницо и пива нескем попить :(",-1,0
@solo_choo а у меня прога полетела...( мир жесток.,-1,0
"посмотрела  сопливую мелодраму и влюбилась в главного героя( не, ну вообще в моем стилеf",-1,0
"блин, у меня нет чистых полосатых ненужных носков..((",-1,0
"RT @kufejygamux: кстати чай. Пока смотрел ""обучающее"" видео, по времени на час с лишним, чай успел остыть :(",-1,0
Хотел во Владимире найти переходничок mini dvi - vga. Зря надеялся на новогоднее чудо :(,-1,0
@mimifka Да вот я то лоханулся перед тобой ну что прости так бывает(,-1,0
"@Andrew126___ Алинку нашу,которая у тебя вела:( и админа кристинку",-1,0
"только, блин, в комиксе Пеппер сделали такой же реактор в груди, что и Тони((( почему в фильме их решили ""излечить""?((",-1,0
"УРААА!!!наконец-то выходные,я ждала вас всю неделю,но завтра опять на репетицию(((",-1,0
"блин, в этом горде вообще  ночью некуда сходить((",-1,0
Аня Мы с тобой обе пропахли сигаретами из-за кофе-брейка Тебе завтра по делам :( Мне завтра на работу :( Теперь и встать придется раньше :(,-1,0
"Сегодня врач наконец-то меня выписал в школу,но все равно не очень себя чувствую..(",-1,0
"в комиксе она умела летать((( неужели так сделали только потому, чтобы не снимать 4го Айронмена?(( был бы такой задел на будущее!",-1,0
А за наушниками вставать не охота - хорошо лежу(,-1,0
RT @nalanykys: запостил результаты своего ковыряния в ядре в ЖЖ ( (,-1,0
@ValeraTDGTDH я по той же причине сижу дома у @nataVTS где @metallcorn уже спит :( а я ... А я пью,-1,0
"Опять дали задачу, которую можно отладить только в бою. Программирование на ощупь — новое слово в методологиях. :(",-1,0
"Ляна, Марик и Мурат ушли( скучно мне теперь",-1,0
"@gribochkibliat без него не дают(( машину еще хочу поменять, чтоб наверняка",-1,0
Съездила в больницу к офтальмологу проверить зрение. Расстроилась. Ещё ухудшилось(((,-1,0
"RT @hacokyjuxyli: Спать пора, уснул бычок... Ужас, осталось так мало на сон... :(",-1,0
"RT @uwujelanya: Посмотрел список фильмов-премьер на следующие полгода. Итак, на что я хочу сходить? Первым идет фильм ""Сатисфакция"" (",-1,0
"а я то думала, что она стерва! я часто ошибаюсь в людях( простите",-1,0
"RT @vikapapinily: АА! пытаюсь привязать ко второму акку домен, а тот ругается, мол домен ин юзе уже и идите отвязывайте(",-1,0
@shumskiy94 меня не возьмут туда. Я не плакал когда Горшок поймал последний трип(,-1,0
@Reeck0n @Pahunec ну что вы всё ругаетесь?(,-1,0
"Ну вот и пятница 13е: сначала об печь обожглась, а потом ещё руку кипятком ошпарила(((",-1,0
"RT @dipezynemoj: Кажется я заболеваю... Невовремя очень :-( но признать проблему — наполовину её победить, так ведь?",-1,0
"@mrkam1kadze блин,Ромы нету:(Он прибил бы ее:3",-1,0
"MONOLIZA и Чайф ""Линии"". Такая крутая песня,и такой убогий клип=( Шахрин уже старый и никакой.",-1,0
"@bnbkhn у меня они сами по себе болезненные, мне ничего не помогает :(((",-1,0
"Открой глаза, глупец. =( #InstantFollowback",-1,3
"Вы со мной по-хорошему, и я с вами - по-хорошему. :-( #FF",-1,0
"И выспался, и кофе выпил, и банан скушал, а курить все равно хоцца :( Бум ждать пока переколбасит, и надо уже вел достава",-1,0
RT @awblacid1978: А я так ни в кого и не влюбилась=((,-1,0
"@Alexey1789 мы в доме заставили снять, но лифты так и остались испорченными - с дырками. Лифты новые:(",-1,0
RT @atiguluri: Вскрытие мышки не осилила. Жалко мышку :(,-1,0
"Мой зайчик так и не пришёл домой!!! Я места себе не нахожу!!!:, ((",-1,0
"я тут проводила соц опрос среди парней и почти каждый шутковал про ""насосала"", но никто не ответил кому надо сосать((",-1,2
суббота как мне тебя провести а?? только не говори что опять проебать(,-1,3
"Фак, такое узнаешь, спустя некоторое время, аж жалко что уехала(",-1,0
RT @obekewet: мде... кто-то говорит что chrome быстр ... а у меня грузит прилично проц и хавает оперативку за милую душу :(,-1,0
с   убрали поиск персонажей что ли? паника-паника!!! а ведь как удобно было :(,-1,0
@Marya_Zm понимаю... теперь и у меня так... ноут полетел:( теперь буду плакать т.т,-1,0
"RT @VladaGyunes: лента, насосите 26 фолловеров, а(",-1,2
"RT @VladaGyunes: лента, насосите 26 фолловеров, а(",-1,2
Так все наверно пошла спать( Сладких снов:(,-1,0
"Обещала знакомой скинуть видео вконтакт, теперь придется зайти. Нуу неееетттт :(",-1,0
Чертов сонный паралич и живот. Съела опять аптеку и не помогает:(,-1,0
@westmoond ага..сегодня было холодно пришлось укутаться как луковица(,-1,0
"@baka_Allen я так растрогался =___= спасибо тебе. Я уже норм, дал слабину и поныл в твиттере :(",-1,0
"лол, защёлкал в варке овцу, она взорвалась. Сцуко, я не знал, что они динамитные о_О",-1,0
"@Disneyworld000 блин, я там ошибку сделала:((",-1,0
RT @_OOO_OOO__: посмотрите на эшелоновцев они такие счастливые #mtvstars 30 Seconds To Mars http://t.co/OU6PDz8kAn,-1,0
"Не знаю что сказать:(  Хочу чтобы ты знала, что люблю и всегда хочу быть рядом, но не хочу надоедать этим:(",-1,0
"Хочу чтобы по технологии учила Ольга Александровна, а не эта новая :( она какая-то стремная и злющая",-1,0
"Биология, что ты делаешь(((  #-1000кнастроению",-1,0
"Эх, как тяжко просыпаться утром в субботу:(",-1,0
"@vanilaaabear я уснул, прости. Предпочел сон(",-1,0
Балин ну что такое с мЧатом...зараза не коннектится...буду на стрвшном бомбусе...блин тут еще вибро не работает(,-1,0
только вот врезаться в машину не было отличной идей пятничного вечера :(,-1,0
"хочу  набор для макияжа, где много, много кисточеееек (((",-1,0
Я ненавижу свою бессонницу !!! Не надо бы было эти 2 недели засыпать в 3 ночи(( теперь привычка((((((((((,-1,2
"Химия 1-ым уроком,как же я боюсь. Если она меня вызовет к доске я помру:( еще и за задачи 2 будет:(пздц",-1,0
"@InnaHoh @JamesBond_O_O @acceleration_ ну это же Влад, всегда себе что-нибудь сломает.Помните руки?",-1,0
@alina_karri ццц.. ну так не честно вообще (,-1,0
всю след. неделю придётся ходить в школу к 8! убейте меня :(,-1,0
"На маке нет click through, и к этому невозможно привыкнуть :(",-1,0
Поздравил в ВК:( походу сегодня его не увижу.,-1,0
"как же посмотреть бразильцев с испанцами хочется! но бля, в час ночи начало (((",-1,0
"@huika_vika ем я средне, тоже хуево учусь и очень ленивая с:  и тоже люблю рок с: правда об этом мало кто знает (",-1,2
"В жизни попадаются неблагодарные люди.Дружишь,посвящаешь в свои тайны,пытаешься помочь,сделать что-то доброе,а они тебе потом в лицо плюют(",-1,0
просто до слёз...... теперь мы будем под Россией... ненавижу её( http://t.co/Ba1JkWBpLH,-1,0
"Ааа как мне плохо,выпила парацетомол выпила много воды и закапала нос(( но в школу я пойду! Странно но горло не болит,почему температура?!",-1,0
"привет, что делаешь? Девушка: привет, я пипец как хочу срать(( П: O_o Д:бляяяха ;DD http://t.co/va3aPdTgSC",-1,0
"@sweetsunnyray и что? Птички поют и что? Блин я больше движений произвела( мне ну тупо по состоянию организма совсем не до птичек, пойми",-1,0
Вот и прошёл мой день рождения( печально как-то(,-1,0
Пиздец вообще! Все достаточно странно( и это не есть хорошо,-1,0
Туда мы пойдем и тогда будем свободны. :~( #InstantFollowback,-1,0
радиоуправляемые вертолётики летают всего лишь около 10 минут( #грустьпечаль,-1,0
Блин спать не дают:( я жесть как спать хочу:(,-1,0
"Наткнулась на бабу,с которой в 11 классе на курсы ходила.У нее,помню,тогда парень с армии возвращался.Счастливая была.А сейчас в активном(",-1,0
"Как оказалось,поменялся для нее,изменился.Но увы,изменить одну черту не в силах. как бы не пытался.. Уже столько лет я ненавижу себя за это(",-1,0
"А мы опять будем писать ...сочинение ...""как я провел лето"" ...на четырех языках..((",-1,0
Безответная любовь...ты одна и он один((( #FF_RU,-1,0
И как я встану сегодня утром на Тренеровку:(,-1,0
"@viktoria_sohan да один человек говорил позвонит, и тишина(",-1,0
"Вот этот шоколад с перцем и лимоном - определенно лучшее, что когда-либо случалось в моей жизни. Теперь никакой другой есть не смогу, увы (",-1,0
"В этом доме при наличии ученика-школьника с черчением в списке предметов нету линейки :-( И я тут подумал, а нет ли где к",-1,0
"Я сегодня заебался. Начальник хотел, чтобы я заебался. Я его приказ выполнил. :(",-1,2
блииин как же мне тебя не хватает. особенно вечером. почему-то именно ближе к ночи у меня возникает страшное желание тебе позвонить:(,-1,0
"@dig_ru блин, я была уверена что это моя :(((",-1,0
как же я замерзла! особенно раздражают несогреваемые руки-ноги (( скорее бы уже отопление включили.,-1,0
Ну ё маё а поляки то нас делают по рейтингу! Хреновато у нас с линуксами видать :-(,-1,0
не выдержала и открыла Вики со страницей #ВысшаяЛигаКвн. Сон сбылся :(,-1,0
"Больше всего боюсь устать ходить, ведь у меня сапоги на каблуке, а удобной обуви нет :(",-1,0
"Хочу спать, но не могу уснуть:( #fucklogic",-1,0
RT @FosySofia: Я Люблю Кадетство ❤ Там такие крутые парни и им по пятнадцать! Где крутые парни в мои 15? =(,-1,0
"RT @KPuga4iova: Химия 1-ым уроком,как же я боюсь. Если она меня вызовет к доске я помру:( еще и за задачи 2 будет:(пздц",-1,0
Сообщение прочитала и вот с самого утра плачу...;(,-1,0
"Хотел ещё сегодня фотку запостить, но она не получилась :( Видел у нас магазин запчастей, где над козырьком стоят отполов",-1,0
RT @efybomymap: УГНИЧ ЧТО НАЖАТЬ ЧТОБ ПОЛАЙКАТЬ ПОСТ ВГОВНЕ ЧТОБ ПОЦОНЫ ТОЖЕ ПОСМОТРЕЛИ? а то этим вашим прыщуйком никто не юзает :(,-1,2
"ну вот, опять эти истории с самолетами( http://t.co/MXPPInPi9y",-1,0
"Познакомилась с парнем...копия меня,но через неделю в армию уходит(",-1,0
RT @no_only: У нас так много всего было и не осталось ничего,-1,0
"И не хочется спать!:( #night #clock #three #nosleep #bad. @ С.Лазо st дом 30, кв 59 http://t.co/AjL1FY6fKm",-1,0
"Кажется, Вербицкий со своим рефреном всё-таки прав ;( #послероссии",-1,0
"@k0k0sik удалилась, как мне теперь с тобой связываться?( счка",-1,0
"Работала в лоджике, написала музыку, потянулась за телефоном и как грохнулся мой ноут( скривило монитор и не алё...",-1,0
RT @vuhipuhyxidy: в связи с   у меня начинают кончаться аргументы=(,-1,0
И все погнали меня спать 8( А может я своей сонностью с вами делюсь тут!,-1,0
"На очереди к просмотру - ""Пленницы""...но не сегодня(",-1,0
"Эта зима как лето, только холодно и не так очевидно :(",-1,0
Хочу в кино и в парк победыыыыыыыыы((((((,-1,0
он до сих пор скидывает мне переписку с ней..зачем?(( http://t.co/lXq4FFXi4C,-1,0
http://t.co/Q7OGQ4gPHE Не спроста весь этот шум. Невозможно играть :(,-1,0
Мои единственные очки остались без душки.( А срок годности линз истёк ещё в прошлом месяце.( А денег на новые нет.( Блин.,-1,0
"@dbredis значит, я все таки хуже собаки (((",-1,0
"RT @xuputebibuh: Узнал что с закрытием Кати Чеховой :( кончился её сайт и блог,с которых бесплатно распространялась её музыка.Где теперь в",-1,0
RT @xyvucyfybole: а еще у меня совершенно не получились сайки. и вообще я не умею замешивать тееесто (((((,-1,0
RT @nehinolefaq: Лафа на рынке закончилась. Опять за игры больших денег хотят. :-(,-1,0
"Видать этот нг я встречу с Галкиным, Басковым и голубым огоньком. (",-1,0
Да достаточно посмотреть на вас вместе. =( #follow,-1,0
Пачти спим* @Leno_ok1998 http://t.co/m0BDh4lkmG,-1,0
что же все апатичные и грустные какие-то?((( http://t.co/xXkavFsNYz,-1,0
Бля... Я конечно все понимаю... Но почему при мне это вытворять? Как будто нет нигде места для уединения(,-1,2
"@sunretxe, а, ну да, блин, я на 20-15 минут опаздаю ( скажешь ей так сэп, если ты в школе уже конечно",-1,0
"к чему я это, ах да, я купила кетчуп к макаронам , а он не вкусный.(",-1,0
"Кажется я что-то пропустила.Какой-то фрагмент очень важный, и очень налажала при этом.Черт( http://t.co/kSfAZ1Hxza",-1,0
лентаа :с ну вот куда вы все? :-((((((((((9,-1,0
плохо когда аккума на ноуте хватает минут на десять((,-1,0
"бля, чуть не смыла в унитаз свою лошадку ((",-1,0
"Мне понравилось видео ""For Fun #32 ( Hamster - Pacman and Man - Torch / Хомяк - Пакман и Человек -",-1,0
"ли ты, вдоль ночных дорог, шла босиком, девочка-осьминог о_О http://t.co/pZtcDOuyPm",-1,0
Локальный торрент-трекер снова лежит. Напрягает уже =(,-1,0
Бери первое и третье воскресенье. =( #FF #FOLLOW,-1,0
Домой пришла посылка с третьим томом волчицы и двухдисковым изданием Макото Синкая. А я в армии. :-(,-1,0
"RT @Daddy_Thinker: Не смог удержаться :( После того, как все мои комментарии с вопросами тщательно были вычищены со стенок троллей - п.. ht…",-1,0
Не трать мое время на глухари десятилетней давности. :~( #FOLLOW,-1,1
@interhalfer к сожалению такие дебаты врядли состоятся :(,-1,0
"решил поразвлекать себя — вручную перетащить /Applications на медиа раздел — накосячил( оська жива, софта нет, ща буду чи",-1,0
"таки придется винду установить, wine и новые игры несовместимы.. :(",-1,0
"@valyandrii типо да идем или нахуй ты нужна,Даш. Я чо то не поняла тебя,интонацию....(",-1,0
Ты что-то начинал говорить. /:-( #InstantFollowback,-1,0
"@ElenaRusskaia Я и в азбуке вкуса была, тут рядом - всё тоже самое только в 10 раз дороже (",-1,0
М4. 2 полосы + обочины. местами + разделительная. okay :|,-1,0
"Этекет- эта кагда хочится тралить лалка и пить яшку,а преходется здароваца и улибаца кароч((((99",-1,0
Сильно заболела( / 6ой час я не могу уснуть.. / Адская боль в животе,-1,0
"господа, да дайте же ему 5 тыщ долларов, вам что жалко((",-1,0
@Mihanti Пашнин вообще в какого-то гопника без тормозов превращается(((,-1,0
"Надо все переосмыслить, ибо запуталась ужас как(",-1,0
@69olgaknopa эх...(( что же ты?...(( тебе сейчас никакой Кузьмин не в радость...((,-1,0
"@gaspforbreath да тебе не понравится, скорее всего :(",-1,0
@my_steria дорогая моя я соскучилась за тобой!!!Мы блин редко с тобой видемся=(((,-1,0
самых лучших года в моей жизни(( и какой то один самый худший день на свете всё испортил. http://t.co/XTBLcDurfB,-1,0
"в школе мне задали вызубрить длинный стих,и он у меня ну никак не запоминался!((( Баб",-1,0
"короче поспав за эту ночь 2 часа я не выспалась( странно, да? #едунаработу",-1,0
"Опять кнопка 5 работает временами :( ну щас то чего ей не хватает? И от воды защищаю, и не вода это, не те симптомы..",-1,0
Я всё еще ищу готовое решения для подключения флешдрайва к моему телефону. :(,-1,0
мы уже в trending topics Твиттера попали :(,-1,0
"День был крутой ,жаль что нельзя его повторить :(",-1,0
"RT @xewyxyxepan: А я думала что у меня есть лутшая подруга ,видимо ошыблась(((",-1,0
прошлого - не хочу..И будущего боюсь..Как быть?(((((( http://t.co/y538mXnsAI,-1,0
У него слишком заметная внешность. =( #ff #follow,-1,0
"#Лента ,кому-нибудь в тви,ответил #ДжаредЛето ??((",-1,0
RT @kivicakicir: неее.... все спатььь... отжимания и крепкий чай уже не помогают :(,-1,0
"@evgen230972 я думал Китая =( гр РФ, мы в вашу рашу не хотим, поэтому поднимайте свою диаспору и не впускайте славян в РФ, страна не для нас",-1,0
и пришёл судный день.! Завтра Дипломная..((( http://t.co/XsIjhCRDmL,-1,0
"Уже какой день левая рука ужасно ноет, я чувствую, что там что-то не так, там внутри. Очень больно :(",-1,0
Анна мне рассказала про вас. =( #FF #FOLLOW,-1,0
"RT @vewazaxesazy: Моя молодость, кажется, проходит зря. Я никогда не играла ни в одной самопальной рок-группе :( Беда-беда, надо исправлять",-1,0
"Мля, трехгигагерцовые процессоры,терабайтные винты, гигабайты памяти...а душа требует супер марио :(",-1,0
"RT @Tsooyka: У всех есть вторая половина, даже у Олега есть Чирка, а я один :-(",-1,0
"@Oliver_Is_My ТЫ ЧЕ МЕНЯ КИНУЛ ТО?((( Я ТОЛЬКО ХОТЕЛ С ТОБОЙ ПОБОЛТАТЬ! ИХИХИХ ЛАДНА,ПОКА,ПОМИДОРЧИК :3",-1,2
"Как же спокойно на душе, что он здесь уже. Жаль, что всего на три дня, и понедельник опять меня ждет одиночество(",-1,0
энди картрайт проебал домино??..я в печали(( эх..,-1,0
"RT @ipivacy: Я думаю, у кое-кого есть маленький секрет. :~( #TeamFollowBack",-1,0
"@hhru_battle Украина - не Россия, т.е. терпеть самоуправства не станет! Народ против и это выражает! В России только на кухне протестуют(((",-1,0
"Меня угнетает то, что мне 21, а я ещё нигде не была, кроме Карелии и Сахалина. :(",-1,0
"Куда делся альбом ""Дикие травы"" Мельницы? о_О Со всяких рапидшар и иже с ними файл удален....",-1,0
"@ElenaRusskaia Надо своё хозяйство, в деревне легче прожить, если эта вакханалия не остановится, то будут КРАНТЫ у кого нет много бабла (",-1,0
"отношения строили так долго,а разрушили всё за пять минут((((( #RU_FF",-1,0
вспомнила нашу прежнюю дружбу. круто так было. а сейчас обидно((..,-1,0
"RT @British_elk: Я обожаю рисовать ночью, ну почему Универ не открыт ночами, я бы пришла и дописала живопись(",-1,0
хуже травмы левой ноги для меня может быть только отражение мяча этой частью ноги. никак не приду в себя (,-1,0
"Первый отряд. Опенинг уебещный, это даже опенингом назвать нельзя, имхо ((",-1,3
RT @macimelypo: виджеты для нокии. Меня там не пузщает в твиттер :(,-1,0
"и всё бы ничего, если бы мне не надо было к 11:30 на пару о_О",-1,0
RT @jehowazekuze: Завтра я опять останусь без инета... Буду по вам скучать... :(,-1,0
Я не боюсь сейчас об этом рассказывать. :~( #RU_FF #FF_RU,-1,0
"★ Заслуживать доверие нужно годами, а проепать его можно на 1 минуту....(((( ",-1,0
"За пару минут не сумела настичь свой сон...стоит кому-нибудь его нарушить, как он начинает быстро и стремительно от меня бежать( #жизньболь",-1,0
Я УБЬЮ ЛЮБУЮ СУКУ КОТОРАЯ БУДЕТ НА ТЕБЯ ВЕШАТЬСЯ!!!!!.....но я не смогу убить не одну....на которую будешь вешаться ты..........(,-1,3
"RT @masywopefure: Как понизить температуру ноута? Снаружи +30, так что он постоянно раскалённый :(",-1,0
"Раздражает, что ты с нами общаешься хуже, чем с ней :(",-1,2
